,name,quantity
47,www.indeed.com,137
10,careers.google.com,67
19,ionq.com,51
24,jobs.lever.co,42
4,apply.workable.com,31
11,careers.honeywell.com,29
42,www.amazon.jobs,28
12,careers.ibm.com,25
53,www.northropgrumman.com,21
25,jobs.recooty.com,17
48,www.linkedin.com,14
26,nvidia.wd5.myworkdayjobs.com,13
14,careers.toshiba.eu,13
27,pasqal.io,13
57,www.qcware.com,12
44,www.comeet.com,11
22,jobs.eu.lever.co,11
29,qblox.jobs.personio.de,10
13,careers.microsoft.com,9
66,xanadu.applytojob.com,9
46,www.glassdoor.com,8
63,www.sandboxaq.com,7
7,careers.boozallen.com,7
31,quantrolox.com,6
28,psiquantum.com,6
59,www.quantum-machines.co,5
68,zapata.bamboohr.com,5
39,vescent.com,4
23,jobs.keysight.com,4
35,search.linkup.com,3
16,evolutionq.com,3
61,www.qvideaslab.ca,3
3,apply.deloitte.com,3
56,www.psicorp.com,3
52,www.mycareersfuture.gov.sg,3
30,qrypt.applytojob.com,3
1,anametric.com,2
58,www.qrypt.com,2
60,www.quintessencelabs.com,2
38,unitary.fund,2
65,www.ziprecruiter.com,2
32,quantumcomputingreport.com,2
41,www.aliroquantum.com,2
20,job.deloitte.com,2
55,www.pqsecurity.com,2
64,www.xairos.com,2
21,jobs.boeing.com,2
62,www.riverlane.com,2
49,www.lockheedmartinjobs.com,2
54,www.onerh.fr,1
67,zapata-computing.talentify.io,1
0,academicjobsonline.org,1
51,www.monster.fi,1
17,fei.breezy.hr,1
2,angel.co,1
5,bleximo-corp.breezy.hr,1
6,careers-sri.icims.com,1
8,careers.bpglobal.com,1
9,careers.deloitte.ca,1
15,cdn2.hubspot.net,1
18,fr.linkedin.com,1
50,www.monster.com,1
33,qubitekk.com,1
36,secureservercdn.net,1
37,singapore.job-q.com,1
40,workforcenow.adp.com,1
43,www.careerbeacon.com,1
45,www.formfactor.com,1
34,recruitingbypaycor.com,1
