,key,quantity
0,careers.honeywell.com,29
1,www.glassdoor.com,8
2,academicjobsonline.org,1
3,apply.workable.com,31
4,psiquantum.com,6
5,careers.microsoft.com,9
6,www.lockheedmartinjobs.com,2
7,www.quintessencelabs.com,2
8,www.sandboxaq.com,7
9,www.monster.fi,1
10,www.quantum-machines.co,5
11,www.formfactor.com,1
12,www.careerbeacon.com,1
13,fei.breezy.hr,1
14,cdn2.hubspot.net,1
15,nvidia.wd5.myworkdayjobs.com,13
16,fr.linkedin.com,1
17,anametric.com,2
18,www.xairos.com,2
19,www.riverlane.com,2
20,careers-sri.icims.com,1
21,singapore.job-q.com,1
22,quantrolox.com,6
23,www.aliroquantum.com,2
24,qubitekk.com,1
25,careers.deloitte.ca,1
26,www.monster.com,1
27,bleximo-corp.breezy.hr,1
28,www.comeet.com,11
29,zapata-computing.talentify.io,1
30,job.deloitte.com,2
31,www.qrypt.com,2
32,search.linkup.com,3
33,angel.co,1
34,careers.bpglobal.com,1
35,recruitingbypaycor.com,1
36,workforcenow.adp.com,1
37,secureservercdn.net,1
