,code,general
0,13-2011.00,Desktop calculator — 10-key calculators
1,13-2011.00,Desktop computers
2,13-2011.00,Laser fax machine — Laser facsimile machines
3,13-2011.00,Notebook computers — Laptop computers
4,13-2011.00,Personal computers
5,13-2011.00,Personal digital assistant PDAs or organizers — Personal digital assistants PDA
6,13-2011.00,Photocopiers — Photocopying equipment
7,13-2011.00,Scanners — Computer data input scanners
8,13-2011.00,Tablet computers
9,27-2011.00,Camera tripods — Photography tripods
10,27-2011.00,Digital camcorders or video cameras — Digital video recorders
11,27-2011.00,Digital cameras — Digital still cameras
12,27-2011.00,Microphones — Wireless microphones
13,27-2011.00,MP3 players or recorders — MP3 digital voice recorders
14,27-2011.00,Notebook computers — Laptop computers
15,27-2011.00,Personal computers
16,27-2011.00,Tablet computers
17,15-2011.00,Desktop calculator — 10-key calculators
18,15-2011.00,Desktop computers
19,15-2011.00,Notebook computers
20,15-2011.00,Personal computers
21,11-2011.00,Desktop computers
22,11-2011.00,Laser fax machine — Laser facsimile machines
23,11-2011.00,Notebook computers — Laptop computers
24,11-2011.00,Personal computers
25,11-2011.00,Personal digital assistant PDAs or organizers — Personal digital assistants PDA
26,11-2011.00,Photocopiers — Photocopying equipment
27,11-2011.00,Portable data input terminals — Handheld computers
28,11-2011.00,Scanners — Computer data input scanners
29,11-2011.00,Special purpose telephones — Multi-line telephone systems
30,11-2011.00,Tablet computers
31,41-3011.00,Desktop computers
32,41-3011.00,Notebook computers — Laptop computers
33,41-3011.00,Personal computers
34,41-3011.00,Personal digital assistant PDAs or organizers — Personal digital assistants PDA
35,41-3011.00,Special purpose telephones — Multi-line telephone systems
36,41-3011.00,Tablet computers
37,13-1011.00,Desktop computers
38,13-1011.00,Digital camcorders or video cameras — Digital video cameras
39,13-1011.00,Laser fax machine — Laser facsimile machines
40,13-1011.00,Personal computers
41,13-1011.00,Scanners — Computer data input scanners
42,13-1011.00,Special purpose telephones — Multiline telephone systems
43,13-1011.00,Tablet computers
44,13-1011.00,Teleconference equipment — Teleconferencing equipment
45,13-1011.00,Videoconferencing systems — Videoconferencing equipment
46,17-2021.00,Desktop computers
47,17-2021.00,Notebook computers — Laptop computers
48,17-2021.00,Personal computers
49,17-2021.00,Personal digital assistant PDAs or organizers — Personal digital assistants PDA
50,17-2021.00,Plotter printers — Plotters
51,17-2021.00,Theodolites — Total stations
52,53-2021.00,Aircraft communication systems — Controller pilot datalink communication CPDC systems; High frequency HF radio communications systems; Ultra high frequency UHF radio communication systems; Very high frequency VHF radio communication systems
53,53-2021.00,Aircraft flight simulators or trainers — Flight simulators
54,53-2021.00,Aircraft guidance systems — Automatic direction finder ADF radio systems; Distance measuring equipment DME; Standard terminal automation replacement systems STARS; Wide area augmentation systems WAAS; 7 more
55,53-2021.00,Aircraft navigation beacons — Nondirectional radio beacon markers
56,53-2021.00,Binoculars
57,53-2021.00,Desktop computers
58,53-2021.00,Mainframe computers
59,53-2021.00,Personal computers
60,53-2021.00,Radarbased surveillance systems — Air route surveillance radar ARSR systems; Airport surface detection equipment ASDE systems; Mode S radar systems; Precision runway monitor PRM; 2 more
61,53-2021.00,Two way radios — Frequency modulation FM two way radios
62,13-2023.00,Carbon monoxide analyzer — Carbon monoxide detectors
63,13-2023.00,Desktop computers
64,13-2023.00,"Electronic charts or maps or atlases — Appraisal, mapping, and comparison data reporting systems; Electronic maps; Mapping or location-based analysis systems; Real estate mapping and property description systems; 3 more"
65,13-2023.00,Laser measuring systems — Handheld distance meters; Laser measuring devices; Ultrasonic distance measurers
66,13-2023.00,Notebook computers — Laptop computers
67,13-2023.00,Personal digital assistant PDAs or organizers — Personal digital assistants PDA
68,23-1022.00,Desktop computers
69,23-1022.00,Laser fax machine — Laser facsimile machines
70,23-1022.00,Notebook computers
71,23-1022.00,Personal computers
72,23-1022.00,Photocopiers — Photocopying equipment
73,23-1022.00,Scanners — Computer data input scanners
74,23-1022.00,Special purpose telephones — Multi-line telephone systems
75,11-9041.00,Desktop computers
76,11-9041.00,Graphics tablets — Drawing tablets
77,11-9041.00,Notebook computers
78,11-9041.00,Personal computers
79,11-9041.00,Personal digital assistant PDAs or organizers — Personal digital assistants PDA
80,11-9041.00,Scanners
81,11-9041.00,Tablet computers
82,25-4011.00,Desktop computers
83,25-4011.00,Digital cameras — Compact digital cameras
84,25-4011.00,Inkjet printers
85,25-4011.00,Notebook computers — Laptop computers
86,25-4011.00,Personal computers
87,25-4011.00,Scanners — Data input scanners; Digitizers
88,27-1011.00,Charcoal pencils — Sketching pencils
89,27-1011.00,Desktop computers
90,27-1011.00,Digital camcorders or video cameras — Digital video cameras
91,27-1011.00,Digital cameras — Digital still cameras
92,27-1011.00,Notebook computers — Laptop computers
93,27-1011.00,Personal computers
94,27-1011.00,Tablet computers
95,39-6011.00,Automobiles or cars — Passenger vehicles
96,39-6011.00,Desktop computers
97,39-6011.00,Golf carts — Motorized carts
98,39-6011.00,Minivans or vans — Passenger vans
99,39-6011.00,Notebook computers — Laptop computers
100,39-6011.00,Paging controllers — Paging systems
101,39-6011.00,Personal computers
102,39-6011.00,Pushcarts — Luggage carts
103,39-6011.00,Special purpose telephones — Multi-line telephone systems
104,39-6011.00,Two way radios
105,43-3011.00,Autodialers — Predictive dialers
106,43-3011.00,Notebook computers — Laptop computers
107,43-3011.00,Personal digital assistant PDAs or organizers — Personal digital assistants PDA
108,43-3011.00,Scanners
109,43-3011.00,Special purpose telephones — Amplified telephones
110,19-1029.01,Desktop computers
111,19-1029.01,Laser printers — Computer laser printers
112,19-1029.01,Notebook computers — Laptop computers
113,19-1029.01,Personal computers
114,19-1029.01,Scanners — Computer data input scanners
115,15-2099.01,Computer workstation — Computer clusters; Computer workstation setups
116,15-2099.01,Deoxyribonucleic sequence analyzers — Semiconductor-based sequencers
117,15-2099.01,Desktop computers
118,15-2099.01,High end computer servers — Network file servers; Web servers
119,15-2099.01,High throughput screening HTS systems in nucleic acid purification — High throughput screening HTS systems
120,15-2099.01,Nuclear magnetic resonance NMR spectrometers
121,15-2041.01,Desktop computers
122,15-2041.01,Laser printers — Computer laser printers
123,15-2041.01,Mainframe computers
124,15-2041.01,Notebook computers — Laptop computers
125,15-2041.01,Personal computers
126,15-2041.01,Plotter printers — Plotters
127,15-2041.01,Scanners — Computer data input scanners
128,43-3031.00,Desktop calculator — 10-key calculators
129,43-3031.00,Desktop computers
130,43-3031.00,Ledger paper — Ledger sheets
131,43-3031.00,Notebook computers
132,43-3031.00,Receipts or receipt books — Receipt books
133,43-3031.00,Scanners — Image scanners
134,43-3031.00,Scientific calculator — Financial calculators
135,43-4011.00,Desktop calculator — 10-key calculators
136,43-4011.00,Desktop computers
137,43-4011.00,Personal computers
138,43-4011.00,Special purpose telephones — Multi-line telephone systems
139,11-9199.11,Desktop computers
140,11-9199.11,Digital cameras
141,11-9199.11,Global positioning system GPS receiver — Global positioning system GPS receivers; Subcentimeter global positioning system GPS units
142,11-9199.11,Laser fax machine — Laser facsimile machines
143,11-9199.11,Notebook computers — Laptop computers
144,11-9199.11,Personal computers
145,11-9199.11,Photocopiers — Photocopying equipment
146,11-9199.11,Scanners — Computer data input scanners
147,11-9199.11,Special purpose telephones — Multi-line telephone systems
148,13-2031.00,Desktop computers
149,13-2031.00,Laser printers
150,13-2031.00,Notebook computers
151,13-2031.00,Personal computers
152,13-1199.04,Computer servers — Computer server equipment
153,13-1199.04,Desktop computers
154,13-1199.04,Laser printers — Computer laser printers
155,13-1199.04,Mainframe computers
156,13-1199.04,Network attached storage NAS device — Storage area network equipment
157,13-1199.04,Personal computers
158,13-1199.04,Special purpose telephones — Multiline telephone systems
159,13-1199.04,Tablet computers
160,13-1199.04,Teleconference equipment — Teleconferencing systems
161,15-2051.01,Computer servers — Storage servers
162,15-2051.01,High end computer servers — Data warehouse appliances
163,15-2051.01,Laser fax machine — Laser facsimile machines
164,15-2051.01,Photocopiers
165,15-2051.01,Scanners
166,13-1021.00,Animal weighing scales — Livestock scales
167,13-1021.00,Desktop calculator — 10-key calculators
168,13-1021.00,Desktop computers
169,13-1021.00,Floor or platform scales — Bulk weighing systems
170,13-1021.00,Grain analyzers — Grain testers
171,13-1021.00,Micrometers — Digital micrometers
172,13-1021.00,Notebook computers — Laptop computers
173,13-1021.00,Personal computers
174,13-1021.00,Rulers — Precision rulers
175,13-1021.00,Special purpose telephones — Multi-line telephone systems
176,11-1011.00,Desktop calculator — 10-key calculators
177,11-1011.00,Desktop computers
178,11-1011.00,High capacity removable media drives — Universal serial bus USB flash drives
179,11-1011.00,Mobile phones — Smartphones
180,11-1011.00,Notebook computers — Laptop computers
181,11-1011.00,Personal computers
182,11-1011.00,Personal digital assistant PDAs or organizers — Personal digital assistants PDA
183,11-1011.03,Desktop calculator — 10-key calculators
184,11-1011.03,Desktop computers
185,11-1011.03,Mobile phones — Smartphones
186,11-1011.03,Notebook computers — Laptop computers
187,11-1011.03,Personal computers
188,11-1011.03,Photocopiers — Photocopying equipment
189,11-1011.03,Portable data input terminals — Handheld computers
190,11-1011.03,Scanners — Computer data input scanners
191,11-1011.03,Special purpose telephones — Multi-line telephone systems
192,11-1011.03,Videoconferencing systems — Video teleconferencing systems
193,21-1021.00,Desktop computers
194,21-1021.00,Laser fax machine — Laser facsimile machines
195,21-1021.00,Laser printers — Computer laser printers
196,21-1021.00,Notebook computers — Laptop computers
197,21-1021.00,Personal computers
198,21-1021.00,Photocopiers — Photocopying equipment
199,21-1021.00,Special purpose telephones — Multi-line telephone systems
200,27-2032.00,Compact disk players or recorders — Compact disk CD players
201,27-2032.00,Digital camcorders or video cameras — Digital video cameras
202,27-2032.00,Digital video disk players or recorders — Digital video disk DVD players
203,27-2032.00,Metronomes — Electronic metronomes
204,27-2032.00,Notebook computers — Laptop computers
205,27-2032.00,Personal computers
206,27-2032.00,Portable stereo systems — Multi-speaker stereo systems
207,27-2032.00,Stage or projection or studio lighting system — Stage lighting systems
208,27-2032.00,Stop watch — Digital stopwatches
209,27-2032.00,Tablet computers
210,13-1031.00,Automotive computer systems — Event data recorders
211,13-1031.00,Desktop computers
212,13-1031.00,Measuring wheels for distance — Measure markers
213,13-1031.00,Notebook computers
214,13-1031.00,Personal computers
215,13-1031.00,Personal digital assistant PDAs or organizers — Personal digital assistants PDA
216,13-1031.00,Portable data input terminals — Data collectors; Field computers; Handheld computers; Mobile wireless handheld communication devices
217,13-1031.00,Scanners
218,13-1031.00,Tablet computers
219,13-1031.00,Theodolites — Total stations
220,21-2011.00,Automobiles or cars — Passenger vehicles
221,21-2011.00,Desktop computers
222,21-2011.00,Microphones — Cordless microphones
223,21-2011.00,Multimedia projectors — Multimedia presentation projectors
224,21-2011.00,Notebook computers — Laptop computers
225,21-2011.00,Special purpose telephones — Multiline telephone systems
226,21-2011.00,Tablet computers
227,19-2041.01,Desktop computers
228,19-2041.01,High end computer servers — High-performance cluster HPC computers
229,19-2041.01,Laser printers — Computer laser printers
230,19-2041.01,Mainframe computers
231,19-2041.01,Notebook computers — Laptop computers
232,19-2041.01,Personal computers
233,19-2041.01,Scanners — Computer data input scanners
234,19-2041.01,Special purpose telephones — Multi-line telephone systems
235,19-3033.00,Desktop computers
236,19-3033.00,Electromyography EMG units — Biofeedback equipment
237,19-3033.00,High capacity removable media drives — Universal serial bus USB flash drives
238,19-3033.00,Notebook computers — Laptop computers
239,19-3033.00,Personal computers
240,19-3033.00,Tablet computers
241,15-2051.02,Mobile phones — Smartphones
242,15-2051.02,Notebook computers — Laptop computers
243,15-2051.02,Portable data input terminals — Handheld computers
244,11-9121.01,Digital camcorders or video cameras — Digital video equipment
245,11-9121.01,Laser fax machine — Laser facsimile machines
246,11-9121.01,Mobile phones — Smartphones
247,11-9121.01,Notebook computers — Laptop computers
248,11-9121.01,Personal computers
249,11-9121.01,Photocopiers
250,27-1021.00,Desktop computers
251,27-1021.00,Digital cameras — Compact digital cameras
252,27-1021.00,High capacity removable media drives — Universal serial bus USB flash drives
253,27-1021.00,Liquid crystal display projector — Liquid crystal display LCD video projectors
254,27-1021.00,Notebook computers — Laptop computers
255,27-1021.00,Personal computers
256,13-1141.00,Desktop calculator — 10-key calculators
257,13-1141.00,Hard disk drives — Electronic storage devices
258,13-1141.00,Laser fax machine — Laser facsimile machines
259,13-1141.00,Personal computers
260,13-1141.00,Photocopiers — Photocopying equipment
261,11-9199.02,Desktop computers
262,11-9199.02,Laser fax machine — Laser facsimile machines
263,11-9199.02,Laser printers — Computer laser printers
264,11-9199.02,Notebook computers — Laptop computers
265,11-9199.02,Personal computers
266,11-9199.02,Photocopiers — Photocopying equipment
267,11-9199.02,Special purpose telephones — Multi-line telephone systems
268,15-1251.00,Computer servers
269,15-1251.00,Desktop computers
270,15-1251.00,Mainframe computers — Mainframe operating systems
271,15-1251.00,Serial port cards
272,15-1211.00,Desktop computers
273,15-1211.00,Mainframe computers
274,15-1211.00,Notebook computers
275,15-1211.00,Personal digital assistant PDAs or organizers — Personal digital assistants PDA
276,39-6012.00,Desktop computers
277,39-6012.00,Laser fax machine — Laser facsimile machines
278,39-6012.00,Laser printers — Computer laser printers
279,39-6012.00,Mobile phones — Smart phones
280,39-6012.00,Notebook computers — Laptop computers
281,39-6012.00,Photocopiers — Copy machines
282,39-6012.00,Special purpose telephones — Multiline telephone systems
283,39-6012.00,Tablet computers
284,39-6012.00,Two way radios — Mobile radios
285,19-1031.00,Desktop computers
286,19-1031.00,Digital cameras
287,19-1031.00,Global positioning system GPS receiver — Global positioning system GPS receivers
288,19-1031.00,Laser measuring systems — Laser distance measurement systems
289,19-1031.00,Levels — Dumpy levels
290,19-1031.00,Notebook computers — Laptop computers
291,19-1031.00,Personal computers
292,19-1031.00,Soil core sampling apparatus — Dutch augers
293,19-1031.00,Theodolites — Total stations
294,19-1031.00,Water samplers
295,43-4021.00,Book folding machines — Paper folding machines
296,43-4021.00,Inkjet printers — Computer inkjet printers
297,43-4021.00,Laser fax machine — Laser facsimile machines
298,43-4021.00,Laser printers — Computer laser printers
299,43-4021.00,Microfiche or microfilm viewers — Microfiche viewing equipment
300,43-4021.00,Personal computers
301,43-4021.00,Photocopiers — Copy machines
302,43-4021.00,Scanners — Document scanners
303,43-4021.00,Special purpose telephones — Multiline telephone systems
304,13-1051.00,Desktop computers
305,13-1051.00,Notebook computers
306,13-1051.00,Personal computers
307,13-1051.00,Personal digital assistant PDAs or organizers — Personal digital assistants PDA
308,13-1051.00,Scanners
309,13-1051.00,Tablet computers
310,27-3092.00,Cassette players or recorders — Audio tape recorders
311,27-3092.00,Desktop computers
312,27-3092.00,Dictation machines — Dictation equipment
313,27-3092.00,Digital voice recorders — Digital audio recorders
314,27-3092.00,Microphones — Stenomasks
315,27-3092.00,Notebook computers — Laptop computers
316,27-3092.00,Personal computers
317,27-3092.00,Personal digital assistant PDAs or organizers — Personal digital assistants PDA
318,27-3092.00,Photocopiers — Photocopying equipment
319,27-3092.00,Stenotype machines
320,13-2041.00,Desktop calculator — 10-key calculators
321,13-2041.00,Desktop computers
322,13-2041.00,Notebook computers
323,13-2041.00,Personal computers
324,13-2041.00,Scanners
325,43-4041.00,Laser fax machine — Laser facsimile machines
326,43-4041.00,Laser printers — Computer laser printers
327,43-4041.00,Magnetic stripe readers and encoders — Credit card processing machines
328,43-4041.00,Personal computers
329,43-4041.00,Photocopiers — Copy machines
330,43-4041.00,Printer calculator — Printing calculators
331,43-4041.00,Scanners — Computer data input scanners
332,43-4041.00,Special purpose telephones — Multiline telephone systems
333,43-4041.00,Typewriters — Electric typewriters
334,13-2071.00,Inkjet printers
335,13-2071.00,Laser fax machine — Laser facsimile machines
336,13-2071.00,Laser printers
337,13-2071.00,Notebook computers — Laptop computers
338,13-2071.00,Personal computers
339,13-2071.00,Scientific calculator — Financial calculators
340,13-2071.00,Special purpose telephones — Multi-line telephone systems
341,13-1041.08,Desktop computers
342,13-1041.08,Laser fax machine — Laser facsimile machines
343,13-1041.08,Personal computers
344,13-1041.08,Scanners — Computer data input scanners
345,13-1041.08,Special purpose telephones — Multiline telephone systems
346,13-1041.08,Tablet computers
347,27-2031.00,Balance equipment — Dance barres
348,27-2031.00,Exercise balls — Balance balls
349,27-2031.00,Mens athletic footwear — Men's ballet flats; Men's ballroom dancing shoes; Men's social dance shoes; Men's tap shoes; 5 more
350,27-2031.00,Notebook computers — Laptop computers
351,27-2031.00,Personal computers
352,27-2031.00,Portable stereo systems — Multi-speaker stereo systems
353,27-2031.00,Resistance bands — Exercise bands
354,27-2031.00,Tablet computers
355,27-2031.00,Womens athletic footwear — Pointe shoes; Women's ballet flats; Women's social dance shoes; Women's tap shoes; 6 more
356,43-9021.00,Hole punching units — Photo composing perforators
357,43-9021.00,Inkjet printers — Computer inkjet printers
358,43-9021.00,Keyboards — Computer keyboards
359,43-9021.00,Laser fax machine — Laser facsimile machines
360,43-9021.00,Personal computers
361,43-9021.00,Scanners — Computer data input scanners
362,43-9021.00,Special purpose telephones — Multiline telephone systems
363,15-1243.01,Computer servers — Storage servers
364,15-1243.01,Desktop computers
365,15-1243.01,High end computer servers — Data warehouse appliances
366,15-1243.01,Mainframe computers
367,15-1243.01,Notebook computers — Laptop computers
368,15-1243.01,Personal computers
369,15-1243.01,Special purpose telephones — Multi-line telephone systems
370,15-1242.00,Desktop computers
371,15-1242.00,Hard disk arrays — Redundant array of independent disks RAID systems
372,15-1242.00,Hard disk drives
373,15-1242.00,Mainframe computers
374,15-1242.00,Notebook computers
375,15-1242.00,Tape arrays — Tape libraries
376,15-1243.00,Desktop computers
377,15-1243.00,Hard disk arrays — Redundant array of independent disks RAID systems
378,15-1243.00,Hard disk drives
379,15-1243.00,Laser fax machine — Laser facsimile machines
380,15-1243.00,Mainframe computers
381,15-1243.00,Notebook computers
382,15-1243.00,Personal computers
383,15-1243.00,Photocopiers — Copy machines
384,15-1243.00,Server load balancer — Load balancers
385,15-1243.00,Tape arrays — Tape libraries
386,41-9011.00,Bar code reader equipment — Barcode scanners
387,41-9011.00,Cappuccino or espresso machines — Espresso makers
388,41-9011.00,Desktop computers
389,41-9011.00,Digital cameras
390,41-9011.00,Domestic coffee makers
391,41-9011.00,Domestic electric skillets
392,41-9011.00,Domestic toaster ovens
393,41-9011.00,Personal computers
394,41-9011.00,Pocket calculator — Handheld calculators
395,43-9031.00,Desktop computers
396,43-9031.00,Graphics tablets — Pen tablets
397,43-9031.00,Laser printers
398,43-9031.00,Notebook computers
399,43-9031.00,Scanners
400,21-2021.00,Desktop computers
401,21-2021.00,Laser printers — Computer laser printers
402,21-2021.00,Mobile phones — Smart phones
403,21-2021.00,Notebook computers — Laptop computers
404,21-2021.00,Personal computers
405,21-2021.00,Tablet computers
406,15-1299.03,Computer servers — Cloud computing servers; Content servers
407,15-1299.03,Hard disk drives — Computer hard disk drives
408,15-1299.03,Magneto optical MO drives — Magneto optical drives
409,15-1299.03,Scanners
410,15-1299.03,Tape arrays — Tape libraries
411,41-9091.00,Automobiles or cars — Passenger vehicles
412,41-9091.00,Desktop computers
413,41-9091.00,Global positioning system GPS receiver — Global positioning system GPS receivers
414,41-9091.00,Notebook computers — Laptop computers
415,41-9091.00,Personal computers
416,41-9091.00,Special purpose telephones — Multi-line telephone systems
417,41-9091.00,Tape measures
418,53-3031.00,Bar code reader equipment — Barcode scanners
419,53-3031.00,Delivery trucks — Delivery vans; Propane delivery trucks
420,53-3031.00,Dollies
421,53-3031.00,Laser fax machine — Laser facsimile machines
422,53-3031.00,Laser printers
423,53-3031.00,Pallet trucks — Pallet movers
424,53-3031.00,Personal computers
425,53-3031.00,Portable data input terminals — Handheld computers
426,53-3031.00,Scanners
427,19-3011.00,Desktop calculator — 10-key calculators
428,19-3011.00,Desktop computers
429,19-3011.00,Mainframe computers — Maintrame computers
430,19-3011.00,Notebook computers — Laptop computers
431,19-3011.00,Personal computers
432,19-3011.00,Scanners — Data scanners
433,11-9032.00,Alarm systems — Fire alarm systems; Security alarm systems
434,11-9032.00,Desktop computers
435,11-9032.00,Liquid crystal display projector — Digital projectors
436,11-9032.00,Notebook computers — Laptop computers
437,11-9032.00,Personal computers
438,11-9032.00,Photocopiers — Photocopying equipment
439,11-9032.00,Public address systems — Public address PA systems
440,11-9032.00,Special purpose telephones — Multi-line telephone systems
441,11-9032.00,Touch screen monitors — Interactive whiteboards
442,11-9032.00,Two way radios
443,11-9033.00,Desktop computers
444,11-9033.00,High capacity removable media drives — Universal serial bus USB flash drives
445,11-9033.00,Liquid crystal display projector — Liquid crystal display LCD video projectors
446,11-9033.00,Notebook computers — Laptop computers
447,11-9033.00,Personal computers
448,11-9031.00,Desktop computers
449,11-9031.00,Digital cameras — Compact digital cameras
450,11-9031.00,Laser fax machine — Laser facsimile machines
451,11-9031.00,Laser printers — Computer laser printers
452,11-9031.00,Mobile medical services first aid kits — Emergency first aid kits
453,11-9031.00,Notebook computers — Laptop computers
454,11-9031.00,Personal computers
455,11-9031.00,Special purpose telephones — Multi-line telephone systems
456,17-3012.00,Compasses — Dividers
457,17-3012.00,Curves — Drafting curves
458,17-3012.00,Desktop computers
459,17-3012.00,Drafting kits or sets — Drafting machines
460,17-3012.00,Personal computers
461,17-3012.00,Protractors
462,17-3012.00,Rulers — Steel rules
463,17-3012.00,T squares — T-squares
464,17-3012.00,Triangles — Drafting triangles
465,43-4061.00,Automobiles or cars — Passenger vehicles
466,43-4061.00,Laser fax machine — Laser facsimile machines
467,43-4061.00,Personal computers
468,43-4061.00,Photocopiers — Copy machines
469,43-4061.00,Pocket calculator — Portable calculators
470,43-4061.00,Scanners — Computer data input scanners
471,43-4061.00,Special purpose telephones — Multiline telephone systems
472,43-4061.00,Typewriters — Electric typewriters
473,19-3011.01,Desktop calculator — 10-key calculators
474,19-3011.01,Desktop computers
475,19-3011.01,Mainframe computers
476,19-3011.01,Notebook computers — Laptop computers
477,19-3011.01,Personal computers
478,19-3011.01,Scanners — Computer data input scanners
479,19-2041.02,Desktop computers
480,19-2041.02,Global positioning system GPS receiver — Global positioning system GPS receivers
481,19-2041.02,Laser fax machine — Laser facsimile machines
482,19-2041.02,Notebook computers — Laptop computers
483,19-2041.02,Personal computers
484,19-2041.02,Scanners — Computer data input scanners
485,19-2041.02,Special purpose telephones — Multi-line telephone systems
486,19-1041.00,Desktop computers
487,19-1041.00,Notebook computers — Laptop computers
488,19-1041.00,Personal computers
489,13-1041.03,Desktop calculator — 10-key calculators
490,13-1041.03,Desktop computers
491,13-1041.03,Notebook computers — Laptop computers
492,13-1041.03,Personal computers
493,13-1041.03,Personal digital assistant PDAs or organizers — Personal digital assistants PDA
494,13-1041.03,Special purpose telephones — Multi-line telephone systems
495,11-3013.00,Desktop calculator — 10-key calculators
496,11-3013.00,Desktop computers
497,11-3013.00,Laser fax machine — Laser facsimile machines
498,11-3013.00,Mobile phones
499,11-3013.00,Notebook computers — Laptop computers
500,11-3013.00,Personal computers
501,11-3013.00,Photocopiers — Photocopying equipment
502,11-3013.00,Scanners
503,11-3013.00,Special purpose telephones — Multi-line telephone systems
504,11-3013.00,Tablet computers
505,25-9021.00,Desktop computers
506,25-9021.00,Digital cameras
507,25-9021.00,Notebook computers — Laptop computers
508,25-9021.00,Overhead projectors — Overhead display projectors
509,25-9021.00,Personal computers
510,25-9021.00,Personal digital assistant PDAs or organizers — Personal digital assistants PDA
511,13-1074.00,Automobiles or cars — Passenger cars
512,13-1074.00,Desktop computers
513,13-1074.00,Light trucks or sport utility vehicles — Pickup trucks
514,13-1074.00,Mobile phones — Smart phones
515,13-1074.00,Personal computers
516,13-1074.00,Pocket calculator — Handheld calculators
517,13-1074.00,Scanners — Computer data input scanners
518,13-1074.00,Tablet computers
519,43-4071.00,Filing cabinets or accessories — File cabinets; Mechanized file systems
520,43-4071.00,Inkjet printers — Computer inkjet printers
521,43-4071.00,Ladders — Stepladders
522,43-4071.00,Laser fax machine — Laser facsimile machines
523,43-4071.00,Microfiche or microfilm viewers — Microfiche viewing equipment; Microfilm viewing equipment
524,43-4071.00,Personal computers
525,43-4071.00,Photocopiers — Copy machines
526,43-4071.00,Rubber stamping stamps — Document stamps
527,43-4071.00,Scanners — Document scanners
528,43-4071.00,Special purpose telephones — Multiline telephone systems
529,27-4032.00,Desktop computers
530,27-4032.00,Digital video disk players or recorders — Digital video disk DVD recorders
531,27-4032.00,Media control systems — Audio patch bays; Video patch bays
532,27-4032.00,Network routers
533,27-4032.00,Notebook computers — Laptop computers
534,27-4032.00,Personal computers
535,27-4032.00,Video editors — Digital video editing systems
536,27-4032.00,Video streaming system — YouTube.com
537,13-2051.00,Desktop calculator — 10-key calculators
538,13-2051.00,Desktop computers
539,13-2051.00,Laser fax machine — Laser facsimile machines
540,13-2051.00,Notebook computers — Laptop computers
541,13-2051.00,Personal computers
542,13-2051.00,Photocopiers — Photocopying equipment
543,13-2051.00,Scanners — Computer data input scanners
544,13-2051.00,Special purpose telephones — Multi-line telephone systems
545,13-2051.00,Tablet computers
546,13-2061.00,Desktop calculator — 10-key calculators
547,13-2061.00,Desktop computers
548,13-2061.00,Notebook computers
549,13-2061.00,Personal computers
550,11-3031.00,Desktop calculator — 10-key calculators
551,11-3031.00,Desktop computers
552,11-3031.00,Notebook computers
553,11-3031.00,Personal computers
554,11-3031.00,Personal digital assistant PDAs or organizers — Personal digital assistants PDA
555,11-3031.00,Scanners
556,11-3031.00,Tablet computers
557,13-2099.01,Desktop computers
558,13-2099.01,Mainframe computers
559,13-2099.01,Notebook computers — Laptop computers
560,13-2099.01,Personal computers
561,13-2099.01,Photocopiers — Photocopying equipment
562,13-2099.01,Scanners — Computer data input scanners
563,13-2099.01,Special purpose telephones — Multi-line telephone systems
564,13-2054.00,Desktop calculator — 10-key calculators
565,13-2054.00,Desktop computers
566,13-2054.00,Laser fax machine — Laser facsimile machines
567,13-2054.00,Notebook computers — Laptop computers
568,13-2054.00,Personal computers
569,13-2054.00,Photocopiers — Photocopying equipment
570,13-2054.00,Scanners — Computer data input scanners
571,13-2054.00,Special purpose telephones — Multi-line telephone systems
572,13-2054.00,Tablet computers
573,39-1014.00,Desktop computers
574,39-1014.00,Laser printers — Computer laser printers
575,39-1014.00,Notebook computers — Laptop computers
576,39-1014.00,Personal computers
577,39-1014.00,Photocopiers — Photocopying equipment
578,39-1014.00,Special purpose telephones — Multi-line telephone systems
579,35-1012.00,Bar code reader equipment — Barcode scanners; Linear imaging scanners; Long range charged coupled device CCD barcode scanners; Point of service scanners
580,35-1012.00,Cash registers
581,35-1012.00,Desktop computers
582,35-1012.00,Magnetic stripe readers and encoders — Credit card processing machines
583,35-1012.00,Notebook computers
584,35-1012.00,Paging controllers — Restaurant guest and server paging systems
585,35-1012.00,Point of sale payment terminal — Card readers
586,35-1012.00,Point of sale POS receipt printers — Point of sale POS printers
587,35-1012.00,Point of sale POS terminal — Point of sale POS terminals; Point of service workstations
588,41-1012.00,Desktop computers
589,41-1012.00,Laser fax machine — Laser facsimile machines
590,41-1012.00,Mobile phones — Smart phones
591,41-1012.00,Notebook computers — Laptop computers
592,41-1012.00,Printer calculator — Printing calculators
593,41-1012.00,Special purpose telephones — Multiline telephone systems
594,41-1012.00,Tablet computers
595,53-1044.00,Desktop computers
596,53-1044.00,Laser printers — Computer laser printers
597,53-1044.00,Notebook computers — Laptop computers
598,53-1044.00,Personal computers
599,53-1044.00,Photocopiers — Photocopying equipment
600,53-1044.00,Special purpose telephones — Multi-line telephone systems
601,53-1044.00,Two way radios
602,39-1022.00,Desktop computers
603,39-1022.00,Laser printers — Computer laser printers
604,39-1022.00,Mobile medical services automated external defibrillators AED or hard paddles — Automated external defibrillators AED
605,39-1022.00,Notebook computers — Laptop computers
606,39-1022.00,Personal computers
607,39-1022.00,Photocopiers — Photocopying equipment
608,39-1022.00,Special purpose telephones — Multi-line telephone systems
609,11-9051.00,Cash registers — Computerized cash registers
610,11-9051.00,Laser printers
611,11-9051.00,Notebook computers
612,11-9051.00,Personal computers
613,11-9051.00,Personal digital assistant PDAs or organizers — Personal digital assistants PDA
614,13-2099.04,Desktop computers
615,13-2099.04,Digital camcorders or video cameras — Digital video cameras
616,13-2099.04,Digital cameras — Digital still cameras
617,13-2099.04,Digital voice recorders — Digital audio recorders
618,13-2099.04,Notebook computers — Laptop computers
619,13-2099.04,Personal computers
620,13-2099.04,Tablet computers
621,43-5011.01,Desktop computers
622,43-5011.01,Laser fax machine — Laser facsimile machines
623,43-5011.01,Notebook computers — Laptop computers
624,43-5011.01,Personal computers
625,43-5011.01,Special purpose telephones — Multi-line telephone systems
626,13-1131.00,Automobiles or cars — Passenger cars
627,13-1131.00,Laser fax machine — Laser facsimile machines
628,13-1131.00,Laser printers — Computer laser printers
629,13-1131.00,Notebook computers — Laptop computers
630,13-1131.00,Personal computers
631,13-1131.00,Photocopiers — Photocopying equipment
632,13-1131.00,Tablet computers
633,11-2033.00,Desktop computers
634,11-2033.00,Notebook computers — Laptop computers
635,11-2033.00,Personal computers
636,11-2033.00,Photocopiers — Photocopying equipment
637,11-2033.00,Scanners — Computer scanners
638,11-2033.00,Special purpose telephones — Multi-line telephone systems
639,41-2012.00,Coin sorters — Coin sorting setups
640,41-2012.00,Coin wrapper machines — Automatic coin wrappers
641,41-2012.00,Desktop calculator — 10-key calculators
642,41-2012.00,Desktop computers
643,41-2012.00,Money counting machines — Coin counting machines
644,41-2012.00,Personal computers
645,41-2012.00,Sorters — Automatic coin sorters
646,41-2012.00,Two way radios
647,39-3011.00,Card tables — Baccarat tables; Blackjack tables; Craps tables; Poker tables
648,39-3011.00,Cash or ticket boxes — Imprest banks; Table banks; Table game drop boxes
649,39-3011.00,Coin banks — Table chip trays
650,39-3011.00,Desktop computers
651,39-3011.00,Dice
652,39-3011.00,Notebook computers — Laptop computers
653,39-3011.00,Personal computers
654,39-3011.00,Playing cards
655,39-3011.00,Roulette wheels
656,39-3011.00,Table gambling management systems — Player tracking system software; Progressive Gaming Chip Inventory System; Tangam Gaming TableEye21; Tangam Gaming TableEyeBacc; 1 more
657,11-9071.00,Alarm systems — Security alarm systems
658,11-9071.00,Desktop calculator — 10-key calculators
659,11-9071.00,Desktop computers
660,11-9071.00,Notebook computers — Laptop computers
661,11-9071.00,Personal computers
662,11-9071.00,Special purpose telephones — Multi-line telephone systems
663,11-9071.00,Two way radios
664,11-9071.00,Video monitors — Video surveillance systems
665,29-9092.00,Benchtop centrifuges — Table top centrifuges
666,29-9092.00,Cryostats
667,29-9092.00,Darkfield microscopes — Differential interference microscopes
668,29-9092.00,Deoxyribonucleic sequence analyzers — Automated deoxyribonucleic acid DNA sequencers
669,29-9092.00,Fluorescent microscopes
670,29-9092.00,Gel documentation systems
671,29-9092.00,Microplate readers
672,29-9092.00,Personal computers
673,29-9092.00,Ultracentrifuges — Benchtop ultracentrifuges; High speed centrifuges
674,29-9092.00,X ray radiography examination equipment — Phosphor imagers
675,13-1041.04,Desktop calculator — 10-key calculators
676,13-1041.04,Desktop computers
677,13-1041.04,Notebook computers — Laptop computers
678,13-1041.04,Personal computers
679,13-1041.04,Radio frequency scanners — Radio frequency identification RFID scanners
680,13-1041.04,Special purpose telephones — Multi-line telephone systems
681,13-1041.04,Tablet computers
682,27-1024.00,Desktop computers
683,27-1024.00,Digital cameras
684,27-1024.00,Laser printers — Computer laser printers; Wide format printers
685,27-1024.00,Notebook computers — Laptop computers
686,27-1024.00,Personal computers
687,27-1024.00,Photocopiers — Photocopying equipment
688,27-1024.00,Scanners — Computer scanners
689,27-1024.00,Still cameras — 35 millimeter cameras
690,27-1024.00,Tablet computers — Graphics tablets
691,21-1091.00,Desktop computers
692,21-1091.00,Digital video disk players or recorders — Digital video disk DVD players
693,21-1091.00,Liquid crystal display projector — Liquid crystal display LCD projectors
694,21-1091.00,Notebook computers — Laptop computers
695,21-1091.00,Overhead projectors — Overhead display projectors
696,21-1091.00,Personal computers
697,21-1091.00,Personal digital assistant PDAs or organizers — Personal digital assistants PDA
698,21-1091.00,Photocopiers — Photocopying equipment
699,15-1211.01,Desktop computers
700,15-1211.01,Liquid crystal display projector — Liquid crystal display LCD projectors
701,15-1211.01,Medical picture archiving computer systems PACS — Medical image database systems
702,15-1211.01,Notebook computers — Laptop computers
703,15-1211.01,Overhead projectors
704,15-1211.01,Personal computers
705,15-1211.01,Special purpose telephones — Multi-line telephone systems
706,15-1211.01,Tablet computers
707,21-1022.00,Desktop computers
708,21-1022.00,Notebook computers
709,21-1022.00,Personal computers
710,43-4081.00,Automated attendant systems — Automated telephone answering systems
711,43-4081.00,Automatic call distributor ACD — Automated call distributors ACD
712,43-4081.00,Centrex phone console — Centrex phone consoles
713,43-4081.00,Music or message on hold player — On hold players
714,43-4081.00,Personal computers
715,43-4081.00,Premise branch exchange PBX systems — Private automatic branch exchange PABX systems
716,43-4081.00,Pressure or steam cleaners — Steam cleaning equipment
717,43-4081.00,Standalone telephone caller identification — Telephone call identification systems
718,43-4081.00,Vacuum cleaners
719,43-4081.00,Voice mail systems
720,43-4161.00,Desktop calculator — 10-key calculators
721,43-4161.00,Desktop computers
722,43-4161.00,Laser fax machine — Laser facsimile machines
723,43-4161.00,Mainframe computers
724,43-4161.00,Paper punching or binding machines — Document binding equipment
725,43-4161.00,Personal computers
726,43-4161.00,Photocopiers — Photocopying equipment
727,43-4161.00,Scanners
728,11-3121.00,Desktop computers
729,11-3121.00,Notebook computers
730,11-3121.00,Personal computers
731,11-3121.00,Scanners
732,11-3121.00,Surveillance video or audio recorders — Audio recording equipment
733,19-2041.03,Desktop computers
734,19-2041.03,Laser fax machine — Laser facsimile machines
735,19-2041.03,Notebook computers — Laptop computers
736,19-2041.03,Personal computers
737,19-2041.03,Scanners — Computer data input scanners
738,19-2041.03,Special purpose telephones — Multi-line telephone systems
739,19-3032.00,Desktop computers
740,19-3032.00,High capacity removable media drives — Universal serial bus USB flash drives
741,19-3032.00,Liquid crystal display projector — Liquid crystal display LCD video projectors
742,19-3032.00,Notebook computers — Laptop computers
743,19-3032.00,Personal computers
744,19-3032.00,Scanners — Data input scanners
745,15-1212.00,Desktop computers
746,15-1212.00,Mainframe computers
747,15-1212.00,Network analyzers — Local area network LAN analyzers
748,15-1212.00,Notebook computers
749,15-1212.00,Protocol analyzers
750,15-1299.09,Computer servers — Application servers; Web servers
751,15-1299.09,Desktop computers
752,15-1299.09,High capacity removable media drives — Universal serial bus USB flash drives
753,15-1299.09,Laser printers
754,15-1299.09,Mobile phones — Smartphones
755,15-1299.09,Notebook computers — Laptop computers
756,15-1299.09,Personal computers
757,15-1299.09,Special purpose telephones — Multi-line telephone systems
758,15-1299.09,Tablet computers
759,43-9041.00,Desktop calculator — 10-key calculators
760,43-9041.00,Desktop computers
761,43-9041.00,Dictation machines
762,43-9041.00,Personal computers
763,41-3021.00,Desktop computers
764,41-3021.00,Digital cameras
765,41-3021.00,Franking or postage machines — Postage meters
766,41-3021.00,Laser fax machine — Laser facsimile machines
767,41-3021.00,Laser printers
768,41-3021.00,Notebook computers — Laptop computers
769,41-3021.00,Personal computers
770,41-3021.00,Wearable computing devices — Pen-based computers
771,13-2053.00,Desktop calculator — 10-key calculators
772,13-2053.00,Desktop computers
773,13-2053.00,Notebook computers — Laptop computers
774,13-2053.00,Personal computers
775,43-4111.00,Automobiles or cars — Passenger vehicles
776,43-4111.00,Inkjet printers — Computer inkjet printers
777,43-4111.00,Laser fax machine — Laser facsimile machines
778,43-4111.00,Notebook computers — Laptop computers
779,43-4111.00,Personal computers
780,43-4111.00,Phone headsets — Telephone headsets
781,43-4111.00,Photocopiers — Copy machines
782,43-4111.00,Scanners — Computer data input scanners
783,43-4111.00,Special purpose telephones — Multiline telephone systems
784,11-3031.03,Desktop computers
785,11-3031.03,Notebook computers — Laptop computers
786,11-3031.03,Personal computers
787,11-3031.03,Special purpose telephones — Multiline telephone systems
788,11-3031.03,Teleconference equipment — Teleconferencing equipment
789,11-3031.03,Videoconferencing systems — Videoconferencing equipment
790,23-1012.00,Inkjet printers — Computer inkjet printers
791,23-1012.00,Laser fax machine — Laser facsimile machines
792,23-1012.00,Laser printers — Computer laser printers
793,23-1012.00,Personal computers
794,23-1012.00,Photocopiers — Photocopying equipment
795,23-1012.00,Scanners — Document scanners
796,23-1012.00,Tablet computers
797,13-1075.00,Inkjet printers — Office inkjet printers
798,13-1075.00,Laser fax machine — Laser facsimile machines
799,13-1075.00,Notebook computers — Laptop computers
800,13-1075.00,Personal computers
801,13-1075.00,Photocopiers — Digital copiers
802,13-1075.00,Pocket calculator — Handheld calculators
803,13-1075.00,Scanners — Image scanners
804,17-1012.00,Desktop computers
805,17-1012.00,Digital camcorders or video cameras — Digital camcorders
806,17-1012.00,Digital cameras
807,17-1012.00,Global positioning system GPS receiver — Global positioning system GPS receivers
808,17-1012.00,Notebook computers — Laptop computers
809,17-1012.00,Personal computers
810,17-1012.00,Scanners — Computer scanners
811,11-1031.00,Laser printers — Computer laser printers; Wireless desktop printers
812,11-1031.00,Notebook computers — Laptop computers
813,11-1031.00,Tablet computers
814,43-4131.00,Inkjet printers — Computer inkjet printers
815,43-4131.00,Laser fax machine — Laser facsimile machines
816,43-4131.00,Notebook computers — Laptop computers
817,43-4131.00,Personal computers
818,43-4131.00,Photocopiers — Copy machines
819,43-4131.00,Printer calculator — Printing calculators
820,43-4131.00,Scanners — Document scanners
821,13-2072.00,Autodialers
822,13-2072.00,Desktop calculator — 10-key calculators
823,13-2072.00,Desktop computers
824,13-2072.00,Notebook computers
825,13-2072.00,Personal computers
826,13-2072.00,Personal digital assistant PDAs or organizers — Personal digital assistants PDA
827,13-2072.00,Scanners
828,13-2072.00,Tablet computers
829,39-3093.00,Automatic pool cleaner — Pool vacuums
830,39-3093.00,Brooms — Push brooms
831,39-3093.00,Clothes dryers — Industrial clothes dryers
832,39-3093.00,Desktop computers
833,39-3093.00,Dust mops
834,39-3093.00,Floor scrubbers — Floor scrubbing machines
835,39-3093.00,Laundry type washing machines — Light commercial washing machines; Washer extractors
836,39-3093.00,Personal computers
837,39-3093.00,Vacuum cleaners — Industrial vacuum cleaners
838,39-3093.00,Wet mops
839,11-9081.00,Cash registers
840,11-9081.00,Desktop calculator — 10-key calculators
841,11-9081.00,Desktop computers
842,11-9081.00,Magnetic stripe readers and encoders — Credit card processing machines
843,11-9081.00,Notebook computers — Laptop computers
844,11-9081.00,Personal computers
845,11-9081.00,Portable data input terminals — Handheld computers
846,11-9081.00,Premise branch exchange PBX systems — Private automatic branch exchange PABX systems
847,11-9081.00,Special purpose telephones — Multi-line telephone systems
848,11-9081.00,Voice mail systems
849,13-1081.00,Desktop computers
850,13-1081.00,High capacity removable media drives — Universal serial bus USB flash drives
851,13-1081.00,Liquid crystal display projector — Liquid crystal display LCD video projectors
852,13-1081.00,Notebook computers — Laptop computers
853,13-1081.00,Personal computers — Personal computer platforms; Workstation platforms
854,13-1081.00,Semiconductor testers — Teradyne Catalyst; Teradyne J750 testers
855,13-1081.02,Desktop computers
856,13-1081.02,Laser fax machine — Laser facsimile machines
857,13-1081.02,Laser printers — Computer laser printers
858,13-1081.02,Notebook computers — Laptop computers
859,13-1081.02,Personal computers
860,13-1081.02,Photocopiers — Photocopying equipment
861,13-1081.02,Scanners — Computer data input scanners
862,13-1081.02,Special purpose telephones — Multi-line telephone systems
863,13-1081.01,Desktop computers
864,13-1081.01,Digital cameras
865,13-1081.01,Laser fax machine — Laser facsimile machines
866,13-1081.01,Laser printers — Computer laser printers
867,13-1081.01,Multimedia projectors — Multimedia projection equipment
868,13-1081.01,Notebook computers — Laptop computers
869,13-1081.01,Personal computers
870,13-1081.01,Special purpose telephones — Multi-line telephone systems
871,11-9199.08,Alarm systems — Security alarm systems
872,11-9199.08,Closed circuit television CCTV system — Closed circuit television CCTV monitoring systems
873,11-9199.08,Fire alarm control panel — Fire alarm monitoring systems
874,11-9199.08,Notebook computers — Laptop computers
875,11-9199.08,Personal computers
876,11-9199.08,Security or access control systems — Physical access control systems
877,11-9199.08,Special purpose telephones — Multiline telephone systems
878,11-9199.08,Video monitors — Video surveillance systems
879,13-1111.00,Desktop computers
880,13-1111.00,High capacity removable media drives — Universal serial bus USB flash drives
881,13-1111.00,Liquid crystal display projector — Liquid crystal display LCD video projectors
882,13-1111.00,Notebook computers — Laptop computers
883,13-1111.00,Personal computers
884,17-2112.03,Binocular light compound microscopes — Optical compound microscopes
885,17-2112.03,Calipers — Digital calipers
886,17-2112.03,Desktop computers
887,17-2112.03,Micrometers — Digital micrometers
888,17-2112.03,Notebook computers — Laptop computers
889,17-2112.03,Personal computers
890,17-2112.03,Personal digital assistant PDAs or organizers — Personal digital assistants PDA
891,17-2112.03,Scientific calculator — Scientific calculators
892,17-2121.00,Desktop computers
893,17-2121.00,Hard hats
894,17-2121.00,Microcontrollers — Programmable logic controllers PLC
895,17-2121.00,Notebook computers — Laptop computers
896,17-2121.00,Personal computers
897,17-2121.00,Plotter printers — Plotters
898,17-2121.00,Safety glasses
899,13-1161.00,Desktop computers
900,13-1161.00,Notebook computers
901,13-1161.00,Personal computers
902,13-1161.00,Personal digital assistant PDAs or organizers — Personal digital assistants PDA
903,13-1161.00,Scanners
904,13-1161.00,Tablet computers
905,11-2021.00,Desktop computers
906,11-2021.00,Laser fax machine — Laser facsimile machines
907,11-2021.00,Notebook computers
908,11-2021.00,Personal computers
909,11-2021.00,Personal digital assistant PDAs or organizers — Personal digital assistants PDA
910,11-2021.00,Photocopiers
911,11-2021.00,Scanners
912,11-2021.00,Tablet computers
913,15-2021.00,Desktop computers
914,15-2021.00,High capacity removable media drives — Universal serial bus USB flash drives
915,15-2021.00,Mainframe computers — Supercomputers
916,15-2021.00,Notebook computers — Laptop computers
917,15-2021.00,Personal computers
918,15-2021.00,Read write digital versatile disc DVD — Optical disk drives
919,15-2021.00,Scientific calculator — Graphing calculators
920,27-2012.03,Audio mixing consoles — Sound mixing consoles
921,27-2012.03,Desktop computers
922,27-2012.03,Digital voice recorders — Digital audio recorders
923,27-2012.03,Laser fax machine — Laser facsimile machines
924,27-2012.03,Media control systems — Emergency alert system EAS equipment
925,27-2012.03,Personal computers
926,27-2012.03,Radio core equipment — Audio signal processors
927,27-2012.03,Radio frequency transmitters or receivers — Emergency communications scanners
928,27-2012.03,Special purpose telephones — Multi-line telephone systems
929,27-2012.03,Tablet computers
930,11-9111.00,Desktop computers
931,11-9111.00,Notebook computers — Laptop computers
932,11-9111.00,Personal computers
933,11-9111.00,Scanners
934,31-9094.00,Desktop computers
935,31-9094.00,Dictation machines — Desktop transcribers; Dictaphones; Transcribing equipment
936,31-9094.00,Franking or postage machines — Postage meters
937,31-9094.00,Laser fax machine — Laser facsimile machines
938,31-9094.00,Laser printers
939,31-9094.00,Notebook computers
940,31-9094.00,Personal computers
941,31-9094.00,Special purpose telephones — Multi-line telephone systems
942,13-1121.00,Desktop computers
943,13-1121.00,Multimedia projectors — Video projectors
944,13-1121.00,Notebook computers — Laptop computers
945,13-1121.00,Overhead projectors — Overhead display projectors
946,13-1121.00,Personal computers
947,13-1121.00,Public address systems — Public address PA systems
948,13-1121.00,Two way radios
949,13-1121.00,Videoconferencing systems — Videoconferencing equipment
950,21-1023.00,Desktop computers
951,21-1023.00,Notebook computers
952,21-1023.00,Personal computers
953,21-1014.00,Blood pressure cuff kits — Sphygmomanometers
954,21-1014.00,Desktop computers
955,21-1014.00,Electronic medical thermometers — Digital medical thermometers
956,21-1014.00,Notebook computers
957,21-1014.00,Personal computers
958,21-1014.00,Scanners — Flatbed scanners
959,11-9121.00,Desktop computers
960,11-9121.00,High capacity removable media drives — Universal serial bus USB flash drives
961,11-9121.00,Liquid crystal display projector — Liquid crystal display LCD video projectors
962,11-9121.00,Notebook computers — Laptop computers
963,11-9121.00,Personal computers
964,11-9121.00,Plotter printers — Color plotters
965,43-4141.00,Desktop calculator — 10-key calculators
966,43-4141.00,Mainframe console or dumb terminals — Teller terminals
967,43-4141.00,Personal computers
968,17-2161.00,Desktop computers
969,17-2161.00,Facial shields — Face masks
970,17-2161.00,Hazardous material protective apparel — Anticontamination clothing
971,17-2161.00,Nuclear reactor control rod systems — Reactivity computer systems
972,17-2161.00,Nuclear tools — Nuclear wireline logging instruments
973,17-2161.00,Personal computers
974,17-2161.00,Respirators
975,13-1199.06,Band printers — Label printers
976,13-1199.06,Desktop computers
977,13-1199.06,Dot matrix printers
978,13-1199.06,Laser fax machine — Laser facsimile machines
979,13-1199.06,Magnetic stripe readers and encoders — Credit card machines
980,13-1199.06,Pen or flash drive — External hard drives; Thumb drives
981,13-1199.06,Personal computers
982,13-1199.06,Tablet computers
983,15-2031.00,Desktop computers
984,15-2031.00,Mainframe computers
985,15-2031.00,Notebook computers — Laptop computers
986,15-2031.00,Personal computers
987,43-4151.00,Belt conveyors — Conveyer belts
988,43-4151.00,Cash registers — Electronic cash registers
989,43-4151.00,Laser fax machine — Laser facsimile machines
990,43-4151.00,Package stops — Belt diverters
991,43-4151.00,Personal computers
992,43-4151.00,Photocopiers — Copy machines
993,43-4151.00,Point of sale payment terminal — Credit card authorization software
994,43-4151.00,Printer calculator — Printing calculators
995,43-4151.00,Special purpose telephones — Multiline telephone systems
996,23-2011.00,Desktop computers
997,23-2011.00,Laser fax machine — Laser facsimile machines
998,23-2011.00,Notebook computers
999,23-2011.00,Optical character recognition systems — Optical character recognition equipment
1000,23-2011.00,Personal computers
1001,23-2011.00,Photocopiers
1002,23-2011.00,Scanners — Image scanners
1003,41-2022.00,Cash registers — Electronic cash registers
1004,41-2022.00,Digital cameras — Digital still cameras
1005,41-2022.00,Forklifts — Warehouse forklifts
1006,41-2022.00,Laser printers — Computer laser printers
1007,41-2022.00,Microfiche or microfilm viewers — Microfiche viewing equipment
1008,41-2022.00,Notebook computers — Laptop computers
1009,41-2022.00,Personal computers
1010,41-2022.00,Special purpose telephones — Multiline telephone systems
1011,41-2022.00,Tablet computers
1012,29-2099.08,Desktop computers
1013,29-2099.08,Laser fax machine — Laser facsimile machines
1014,29-2099.08,Laser printers — Computer laser printers
1015,29-2099.08,Notebook computers — Laptop computers
1016,29-2099.08,Personal computers
1017,29-2099.08,Photocopiers — Photocopying equipment
1018,29-2099.08,Scanners — Computer data input scanners
1019,29-2099.08,Special purpose telephones — Multi-line telephone systems
1020,43-3051.00,Desktop calculator — 10-key calculators
1021,43-3051.00,Desktop computers
1022,43-3051.00,Mainframe console or dumb terminals — Computer terminals
1023,43-3051.00,Personal computers
1024,13-2052.00,Desktop calculator — 10-key calculators
1025,13-2052.00,Desktop computers
1026,13-2052.00,Notebook computers
1027,13-2052.00,Personal computers
1028,13-2052.00,Personal digital assistant PDAs or organizers — Personal digital assistants PDA
1029,13-2052.00,Tablet computers
1030,17-2171.00,Desktop computers
1031,17-2171.00,Notebook computers — Laptop computers
1032,17-2171.00,Personal computers
1033,17-2171.00,Personal digital assistant PDAs or organizers — Personal digital assistants PDA
1034,17-2171.00,Scanners — Computer scanners
1035,27-3043.05,Laser fax machine — Laser facsimile machines
1036,27-3043.05,Laser printers — Computer laser printers
1037,27-3043.05,Personal computers
1038,27-3043.05,Tablet computers
1039,19-3094.00,Audioconferencing systems — Conference phones
1040,19-3094.00,Desktop computers
1041,19-3094.00,Digital video disk players or recorders — Digital video disk DVD players
1042,19-3094.00,Digital voice recorders — Digital audio recorders
1043,19-3094.00,Notebook computers — Laptop computers
1044,19-3094.00,Overhead projectors — Overhead display projectors
1045,19-3094.00,Pocket calculator — Handheld calculators
1046,43-5052.00,Automobiles or cars — Passenger vehicles
1047,43-5052.00,Bar code reader equipment — Portable barcode scanners
1048,43-5052.00,Carts — Wheeled carts
1049,43-5052.00,Light trucks or sport utility vehicles — Small trucks
1050,43-5052.00,Mail box — Mail relay boxes
1051,43-5052.00,Non metallic baskets — Mail sorting trays
1052,43-5052.00,Portable data input terminals — Delivery unit computers; Handheld computers
1053,43-5052.00,Safety chains — Postal vehicle tire chains
1054,43-5052.00,Storage racks or shelves — Mail distribution cases; Route cases
1055,43-5052.00,Time card machines — Time clocks
1056,51-8012.00,Distribution or control board fixtures — Panelboard switches; Panelboards
1057,51-8012.00,Electrical control panels for generators — Integrated power system switchboards; Multi-metering switchboards
1058,51-8012.00,Mainframe computers
1059,43-3061.00,Cash registers — Electronic cash registers
1060,43-3061.00,Laser fax machine — Laser facsimile machines
1061,43-3061.00,Personal computers
1062,43-3061.00,Photocopiers — Copy machines
1063,43-3061.00,Scanners — Document scanners
1064,43-3061.00,Special purpose telephones — Multiline telephone systems
1065,43-5061.00,Desktop computers
1066,43-5061.00,Notebook computers
1067,43-5061.00,Personal computers
1068,43-5061.00,Scanners
1069,43-9081.00,High capacity removable media drives — Universal serial bus USB flash drives
1070,43-9081.00,Inkjet fax machine — Inkjet facsimile machines
1071,43-9081.00,Laser fax machine — Laser facsimile machines
1072,43-9081.00,Notebook computers — Laptop computers
1073,43-9081.00,Personal computers
1074,43-9081.00,Photocopiers — Copy machines
1075,43-9081.00,Rulers — Printers' rulers
1076,43-9081.00,Scanners — Computer data input scanners
1077,43-9081.00,Tablet computers
1078,43-9081.00,Videoconferencing systems — Videoconferencing equipment
1079,29-1223.00,Desktop computers
1080,29-1223.00,Electronic blood pressure units
1081,29-1223.00,Medical acoustic stethoscopes — Mechanical stethoscopes
1082,29-1223.00,Mercury blood pressure units — Manual blood pressure units
1083,29-1223.00,Notebook computers — Laptop computers
1084,29-1223.00,Personal computers
1085,29-1223.00,Personal digital assistant PDAs or organizers — Personal digital assistants PDA
1086,29-1223.00,Tablet computers
1087,11-2032.00,Desktop computers
1088,11-2032.00,Notebook computers — Laptop computers
1089,11-2032.00,Personal computers
1090,11-2032.00,Photocopiers — Photocopying equipment
1091,11-2032.00,Scanners — Computer scanners
1092,11-2032.00,Special purpose telephones — Multi-line telephone systems
1093,27-3031.00,Desktop computers
1094,27-3031.00,Laser printers — Computer laser printers
1095,27-3031.00,Notebook computers — Laptop computers
1096,27-3031.00,Personal computers
1097,27-3031.00,Photocopiers — Photocopying equipment
1098,27-3031.00,Special purpose telephones — Multi-line telephone systems
1099,13-1023.00,Desktop calculator — 10-key calculators
1100,13-1023.00,Desktop computers
1101,13-1023.00,Laser fax machine — Laser facsimile machines
1102,13-1023.00,Notebook computers — Laptop computers
1103,13-1023.00,Personal computers
1104,13-1023.00,Personal digital assistant PDAs or organizers — Personal digital assistants PDA
1105,13-1023.00,Photocopiers — Photocopying equipment
1106,13-1023.00,Scanners
1107,13-1023.00,Special purpose telephones — Multi-line telephone systems
1108,13-1023.00,Tablet computers
1109,11-3061.00,Desktop calculator — 10-key calculators
1110,11-3061.00,Desktop computers
1111,11-3061.00,Personal computers
1112,41-9022.00,Desktop computers
1113,41-9022.00,Digital cameras
1114,41-9022.00,Global positioning system GPS receiver — Global positioning system GPS receivers
1115,41-9022.00,Laser printers
1116,41-9022.00,Measuring wheels for distance — Measuring wheels
1117,41-9022.00,Notebook computers — Laptop computers
1118,41-9022.00,Personal computers
1119,41-9022.00,Personal digital assistant PDAs or organizers — Personal digital assistants PDA
1120,53-7081.00,Cargo trucks — Front loading garbage trucks; Shredder trucks; Side-loading garbage trucks; Tractor-trailer trucks; 5 more
1121,53-7081.00,Container trailers — Walking floor trailers
1122,53-7081.00,Desktop computers
1123,53-7081.00,Loading equipment — Lifting arms
1124,53-7081.00,Packaging compactors — Aluminum compactors; Cardboard compactors
1125,53-7081.00,Personal computers
1126,53-7081.00,Two way radios — Mobile radios
1127,11-9199.01,Desktop computers
1128,11-9199.01,Laser fax machine — Laser facsimile machines
1129,11-9199.01,Laser printers — Computer laser printers
1130,11-9199.01,Notebook computers — Laptop computers
1131,11-9199.01,Personal computers
1132,11-9199.01,Photocopiers — Photocopying equipment
1133,11-9199.01,Special purpose telephones — Multi-line telephone systems
1134,13-1041.07,Desktop computers
1135,13-1041.07,Laser fax machine — Laser facsimile machines
1136,13-1041.07,Notebook computers — Laptop computers
1137,13-1041.07,Personal computers
1138,13-1041.07,Photocopiers — Photocopying equipment
1139,13-1041.07,Scanners — Computer data input scanners
1140,13-1041.07,Special purpose telephones — Multi-line telephone systems
1141,43-4181.00,Airline ticket or boarding pass ATB printers — Airline ticket printers
1142,43-4181.00,Cash registers
1143,43-4181.00,Desktop computers
1144,43-4181.00,Magnetic stripe readers and encoders — Credit card processing machines
1145,43-4181.00,Notebook computers — Laptop computers
1146,43-4181.00,Personal computers
1147,43-4181.00,Premise branch exchange PBX systems — Private automatic branch exchange PABX systems
1148,43-4181.00,Public address systems — Public address PA systems
1149,43-4181.00,Special purpose telephones — Multi-line telephone systems
1150,43-4181.00,Ticket dispensing machines — Ticket printing machines
1151,41-9031.00,Desktop computers
1152,41-9031.00,Mainframe computers
1153,41-9031.00,Notebook computers — Laptop computers
1154,41-9031.00,Personal computers
1155,11-2022.00,Desktop computers
1156,11-2022.00,Notebook computers
1157,11-2022.00,Personal computers
1158,11-2022.00,Scanners
1159,11-2022.00,Tablet computers
1160,41-4012.00,Desktop computers
1161,41-4012.00,Laser printers
1162,41-4012.00,Liquid crystal display projector — Light-emitting diode LED projectors
1163,41-4012.00,Mobile phones — Mobile telephones
1164,41-4012.00,Notebook computers — Laptop computers
1165,41-4012.00,Personal computers
1166,41-4011.00,Notebook computers — Laptop computers
1167,41-4011.00,Personal computers
1168,41-4011.00,Personal digital assistant PDAs or organizers — Personal digital assistants PDA
1169,41-4011.00,Tablet computers
1170,19-3034.00,Desktop computers
1171,19-3034.00,Notebook computers — Laptop computers
1172,19-3034.00,Overhead projectors
1173,19-3034.00,Personal computers
1174,19-3034.00,Personal digital assistant PDAs or organizers — Personal digital assistants PDA
1175,19-3034.00,Scanners — Computer scanners
1176,19-3034.00,Special purpose telephones — Multi-line telephone systems
1177,19-3034.00,Tablet computers
1178,13-1161.01,Computer servers — Domain name servers DNS
1179,13-1161.01,Desktop computers
1180,13-1161.01,Personal computers
1181,13-1161.01,Teleconference equipment — Teleconferencing equipment
1182,13-1161.01,Videoconferencing systems — Videoconferencing equipment
1183,41-3031.00,Desktop calculator — 10-key calculators
1184,41-3031.00,Desktop computers
1185,41-3031.00,Laser fax machine — Laser facsimile machines
1186,41-3031.00,Notebook computers — Laptop computers
1187,41-3031.00,Personal computers
1188,41-3031.00,Photocopiers — Photocopying equipment
1189,41-3031.00,Scanners — Computer data input scanners
1190,41-3031.00,Special purpose telephones — Multi-line telephone systems
1191,41-3031.00,Tablet computers
1192,41-3031.00,Wearable computing devices — Mobile computing devices
1193,39-5093.00,Clothes dryers — Commercial dryers
1194,39-5093.00,Domestic coffee makers — Electric coffeemakers
1195,39-5093.00,Hair care supplies — Hair rollers; Permanent rods
1196,39-5093.00,Hair combs or brushes — Hair brushes; Hair combs
1197,39-5093.00,Infrared lamps — Infrared heat lamps
1198,39-5093.00,Laundry type washing machines — Commercial washing machines
1199,39-5093.00,Personal computers
1200,39-5093.00,Sinks — Shampoo basins
1201,39-5093.00,Special purpose telephones — Multiline telephone systems
1202,39-5093.00,Swiveling barber chair — Shampoo chairs
1203,11-9151.00,Desktop calculator — 10-key calculators
1204,11-9151.00,Desktop computers
1205,11-9151.00,Notebook computers — Laptop computers
1206,11-9151.00,Personal computers
1207,11-9151.00,Special purpose telephones — Multi-line telephone systems
1208,21-1093.00,Automobiles or cars — Passenger vehicles
1209,21-1093.00,Desktop calculator — 10-key calculators
1210,21-1093.00,Desktop computers
1211,21-1093.00,Laser fax machine — Laser facsimile machines
1212,21-1093.00,Laser printers — Computer laser printers
1213,21-1093.00,Notebook computers — Laptop computers
1214,21-1093.00,Personal computers
1215,21-1093.00,Photocopiers — Photocopying equipment
1216,21-1093.00,Special purpose telephones — Amplified telephones; Hearing impaired telephones; Multi-line telephone systems
1217,19-4061.00,Desktop computers
1218,19-4061.00,Dictation machines — Transcription equipment
1219,19-4061.00,Laser printers — Computer laser printers
1220,19-4061.00,Personal computers
1221,19-4061.00,Photocopiers — Photocopying equipment
1222,19-4061.00,Scanners — Computer data input scanners
1223,19-4061.00,Special purpose telephones — Multi-line telephone systems
1224,19-4061.00,Tablet computers
1225,19-3041.00,Desktop computers
1226,19-3041.00,Digital camcorders or video cameras — Digital video recorders
1227,19-3041.00,Digital voice recorders — Digital audio recorders
1228,19-3041.00,Laser printers — Computer laser printers
1229,19-3041.00,Personal computers
1230,19-3041.00,Scanners — Computer data input scanners
1231,19-3041.00,Tablet computers
1232,19-3041.00,Videoconferencing systems — Videoconferencing equipment
1233,15-1252.00,Central processing unit CPU processors — Graphics processing unit GPU; Multi-core central processing unit CPU
1234,15-1252.00,Computer servers — Application servers
1235,15-1252.00,Desktop computers
1236,15-1252.00,Digital cameras
1237,15-1252.00,Flash memory storage card — Flash disks
1238,15-1252.00,High end computer servers — Directory servers
1239,15-1252.00,Integrated circuit testers — In circuit emulators ICE; Logic analyzers
1240,15-1252.00,Mainframe computers
1241,15-1252.00,Notebook computers
1242,41-4011.07,Desktop computers
1243,41-4011.07,Digital cameras — Compact digital cameras
1244,41-4011.07,Ladders — Extension ladders
1245,41-4011.07,Measuring tapes — Precision tape measures
1246,41-4011.07,Notebook computers — Laptop computers
1247,41-4011.07,Personal computers
1248,41-4011.07,Portable data input terminals — Computerized data collectors
1249,41-4011.07,Solar radiation surface observing apparatus — Solarimeters
1250,11-9179.02,Cash registers — Electronic cash registers
1251,11-9179.02,Desktop computers
1252,11-9179.02,Laser fax machine — Laser facsimile machines
1253,11-9179.02,Personal computers
1254,11-9179.02,Point of sale POS terminal — Payment processing terminals
1255,11-9179.02,Special purpose telephones — Multi-line telephone systems
1256,11-9179.02,Tablet computers
1257,27-1014.00,Digital cameras — Panoramic digital cameras
1258,27-1014.00,Graphics tablets — Digital paper
1259,27-1014.00,Personal computers
1260,27-1014.00,Pressure stylus — Digital pens
1261,43-9111.00,Desktop calculator — 10-key calculators
1262,43-9111.00,Desktop computers
1263,43-9111.00,High capacity removable media drives — Universal serial bus USB flash drives
1264,43-9111.00,Liquid crystal display projector — Liquid crystal display LCD video projectors
1265,43-9111.00,Mainframe computers — Supercomputers
1266,43-9111.00,Notebook computers — Laptop computers
1267,43-9111.00,Personal computers
1268,43-9111.00,Scientific calculator — Graphing calculators
1269,15-2041.00,Desktop computers
1270,15-2041.00,Notebook computers — Laptop computers
1271,15-2041.00,Personal computers
1272,21-1011.00,Alcohol analyzers — Breathalyzers
1273,21-1011.00,Desktop computers
1274,21-1011.00,Notebook computers
1275,21-1011.00,Personal computers
1276,21-1011.00,Personal digital assistant PDAs or organizers — Personal digital assistants PDA
1277,11-3071.04,Laser fax machine — Laser facsimile machines
1278,11-3071.04,Notebook computers — Laptop computers
1279,11-3071.04,Personal computers
1280,11-3071.04,Radio frequency scanners — Radio frequency identification RFID scanners
1281,19-3022.00,Laser printers
1282,19-3022.00,Notebook computers
1283,19-3022.00,Optical character recognition systems — Optical character readers
1284,19-3022.00,Personal computers
1285,19-3022.00,Personal digital assistant PDAs or organizers — Personal digital assistants PDA
1286,19-3022.00,Scanners
1287,19-3022.00,Tablet computers
1288,13-1199.05,Desktop computers
1289,13-1199.05,Laser fax machine — Laser facsimile machines
1290,13-1199.05,Laser printers — Computer laser printers
1291,13-1199.05,Notebook computers — Laptop computers
1292,13-1199.05,Personal computers
1293,13-1199.05,Photocopiers — Photocopying equipment
1294,13-1199.05,Scanners — Computer data input scanners
1295,13-1199.05,Special purpose telephones — Multi-line telephone systems
1296,27-2012.04,Desktop computers
1297,27-2012.04,Digital camcorders or video cameras — Digital video cameras
1298,27-2012.04,Digital video disk players or recorders — Digital video disk DVD players
1299,27-2012.04,Laser fax machine — Laser facsimile machines
1300,27-2012.04,Personal computers
1301,27-2012.04,Scanners — Computer data input scanners
1302,27-2012.04,Special purpose telephones — Multi-line telephone systems
1303,27-2012.04,Tablet computers
1304,13-2081.00,Desktop calculator — 10-key calculators
1305,13-2081.00,Desktop computers
1306,13-2081.00,Laser printers — Computer laser printers
1307,13-2081.00,Notebook computers — Laptop computers
1308,13-2081.00,Personal computers
1309,13-2081.00,Photocopiers
1310,13-2081.00,Scanners — Computer scanners
1311,13-2081.00,Special purpose telephones — Multi-line telephone systems
1312,13-2082.00,Desktop calculator — 10-key calculators
1313,13-2082.00,Desktop computers
1314,13-2082.00,Notebook computers
1315,27-3042.00,Desktop computers
1316,27-3042.00,Digital cameras — Compact digital cameras
1317,27-3042.00,High capacity removable media drives — Universal serial bus USB flash drives
1318,27-3042.00,Notebook computers — Laptop computers
1319,27-3042.00,Personal computers
1320,27-3042.00,Scanners — Computer data input scanners
1321,41-9041.00,Autodialers — Autodialing equipment; Predictive dialers
1322,41-9041.00,Conversation recording units — Call recording systems
1323,41-9041.00,Personal computers
1324,41-9041.00,Phone headsets — Telephone headsets; Wireless telephone headsets
1325,41-9041.00,Special purpose telephones — Multiline telephone systems
1326,23-2093.00,Desktop calculator — 10-key calculators
1327,23-2093.00,Desktop computers
1328,23-2093.00,Laser fax machine — Laser facsimile machines
1329,23-2093.00,Laser printers — Computer laser printers
1330,23-2093.00,Notebook computers — Laptop computers
1331,23-2093.00,Personal computers
1332,23-2093.00,Photocopiers — Photocopying equipment
1333,23-2093.00,Scanners — Computer data input scanners
1334,23-2093.00,Special purpose telephones — Multiline telephone systems
1335,39-7011.00,Busses — Tour buses
1336,39-7011.00,Desktop computers
1337,39-7011.00,Electronic charts or maps or atlases — ActiveMap Tour Guide software
1338,39-7011.00,Laser fax machine — Laser facsimile machines
1339,39-7011.00,Microphones
1340,39-7011.00,Mobile medical services first aid kits — First aid kits
1341,39-7011.00,Mobile phones — Cell phones
1342,39-7011.00,Passenger or automobile ferries — Tour boats
1343,39-7011.00,Personal digital assistant PDAs or organizers — Personal digital assistants PDA
1344,39-7011.00,Touring bicycles
1345,11-3131.00,Desktop computers
1346,11-3131.00,High capacity removable media drives — Universal serial bus USB flash drives
1347,11-3131.00,Liquid crystal display projector — Liquid crystal display LCD video projectors
1348,11-3131.00,MP3 players or recorders — MP3 players
1349,11-3131.00,Notebook computers — Laptop computers
1350,11-3131.00,Personal computers
1351,11-3131.00,Videoconferencing systems — Videoconferencing equipment
1352,13-1151.00,Desktop computers
1353,13-1151.00,Laser printers
1354,13-1151.00,Liquid crystal display projector — Liquid crystal display LCD projectors
1355,13-1151.00,Notebook computers — Laptop computers
1356,13-1151.00,Overhead projectors — Overhead display projectors
1357,13-1151.00,Personal computers
1358,17-2051.01,Desktop computers
1359,17-2051.01,Digital cameras
1360,17-2051.01,Laser fax machine — Laser facsimile machines
1361,17-2051.01,Laser printers — Computer laser printers
1362,17-2051.01,Notebook computers — Laptop computers
1363,17-2051.01,Personal computers
1364,17-2051.01,Photocopiers — Photocopying equipment
1365,17-2051.01,Special purpose telephones — Multi-line telephone systems
1366,17-2051.01,Two way radios — Mobile radios
1367,19-3099.01,Desktop computers
1368,19-3099.01,Digital image printers — Blueprint machines
1369,19-3099.01,Laser fax machine — Laser facsimile machines
1370,19-3099.01,Notebook computers — Laptop computers
1371,19-3099.01,Personal computers
1372,19-3099.01,Photocopiers — Photocopying equipment
1373,19-3099.01,Special purpose telephones — Multi-line telephone systems
1374,41-3041.00,Inkjet printers — Computer inkjet printers
1375,41-3041.00,Laser fax machine — Laser facsimile machines
1376,41-3041.00,Laser printers — Computer laser printers
1377,41-3041.00,Personal computers
1378,41-3041.00,Photocopiers — Copy machines
1379,41-3041.00,Point of sale payment terminal — Card readers
1380,41-3041.00,Printer calculator — Printing calculators
1381,41-3041.00,Public address systems
1382,41-3041.00,Special purpose telephones — Multiline telephone systems
1383,41-3041.00,Ticket dispensing machines — Ticket printing machines
1384,11-3031.01,Desktop calculator — 10-key calculators
1385,11-3031.01,Desktop computers
1386,11-3031.01,Notebook computers
1387,11-3031.01,Personal computers
1388,11-3031.01,Personal digital assistant PDAs or organizers — Personal digital assistants PDA
1389,11-3031.01,Tablet computers
1390,25-3041.00,Desktop computers
1391,25-3041.00,Notebook computers — Laptop computers
1392,25-3041.00,Personal computers
1393,25-3041.00,Scanners — Computer data input scanners
1394,25-3041.00,Scientific calculator — Graphing calculators
1395,25-3041.00,Special purpose telephones — Multi-line telephone systems
1396,39-3031.00,Bar code reader equipment — Electronic ticket scanners
1397,39-3031.00,Electronic charts or maps or atlases — Facility maps
1398,39-3031.00,Fire extinguishers
1399,39-3031.00,Flashlight — Hand-held flashlights
1400,39-3031.00,Mobile medical services first aid kits — First aid kits
1401,39-3031.00,Two way radios
1402,15-1255.01,Audioconferencing systems
1403,15-1255.01,Desktop computers
1404,15-1255.01,Fixed computer gaming console — Video gaming equipment
1405,15-1255.01,Mobile phones — Smart phones
1406,15-1255.01,Notebook computers — Laptop computers
1407,15-1255.01,Personal computers
1408,15-1255.01,Scanners — Computer data input scanners
1409,15-1255.01,Tablet computers
1410,35-3031.00,Bar code reader equipment — Portable bar code scanners
1411,35-3031.00,Cash registers
1412,35-3031.00,Commercial use cutlery — Carving knives
1413,35-3031.00,Magnetic stripe readers and encoders — Credit card processing machines
1414,35-3031.00,Paging controllers — Alphanumeric paging equipment
1415,35-3031.00,Personal digital assistant PDAs or organizers — Personal digital assistants PDA
1416,35-3031.00,Point of sale POS receipt printers — Point of sale POS printers
1417,35-3031.00,Point of sale POS terminal — Point of sale POS terminals; Point of service workstations
1418,35-3031.00,Touch screen monitors
1419,17-2051.02,Desktop computers
1420,17-2051.02,Laser printers — Computer laser printers
1421,17-2051.02,Notebook computers — Laptop computers
1422,17-2051.02,Personal computers
1423,17-2051.02,Plotter printers — Large-format plotters
1424,17-2051.02,Scanners — Computer data input scanners; Digitizers
1425,15-1299.01,Computer servers — Web servers
1426,15-1299.01,Desktop computers
1427,15-1299.01,Notebook computers — Laptop computers
1428,15-1299.01,Personal computers
1429,15-1299.01,Scanners — Computer data input scanners
1430,15-1255.00,Computer servers — Application servers; Web servers
1431,15-1255.00,Desktop computers
1432,15-1255.00,High capacity removable media drives — Universal serial bus USB flash drives
1433,15-1255.00,Notebook computers — Laptop computers
1434,15-1255.00,Personal computers
1435,15-1254.00,Computer servers — Application servers; Web servers
1436,15-1254.00,Desktop computers
1437,15-1254.00,High capacity removable media drives — Universal serial bus USB flash drives
1438,15-1254.00,Notebook computers — Laptop computers
1439,15-1254.00,Personal computers
1440,13-1022.00,Desktop calculator — 10-key calculators
1441,13-1022.00,Desktop computers
1442,13-1022.00,Personal computers
1443,13-1022.00,Point of sale POS terminal — Point of sale POS systems
1444,43-9022.00,Desktop calculator — Desktop calculators
1445,43-9022.00,Franking or postage machines — Postage marking machines; Postage meters
1446,43-9022.00,Laser fax machine — Laser facsimile machines
1447,43-9022.00,Paper shredding machines or accessories — Paper shredders
1448,43-9022.00,Personal computers
1449,43-9022.00,Photocopiers — Copy machines
1450,43-9022.00,Typewriters — Electric typewriters
1451,27-3043.00,Desktop computers
1452,27-3043.00,Flash memory storage card — Universal serial bus USB flash drives
1453,27-3043.00,Notebook computers — Laptop computers
1454,27-3043.00,Personal computers
1455,27-3043.00,Photocopiers — Copy machines
1456,27-3043.00,Teleconference equipment — Teleconferencing equipment
1457,27-3043.00,Videoconferencing systems — Videoconferencing equipment
