,nom
0,quantinuum
1,julich supercomputing centre / forschungszentrum julich
2,julich supercomputing centre / forschungszentrum julich
3,quantinuum
4,turing talent
5,iqm
6,iqm
7,quantum brilliance
8,eip
9,1-1 recruitment
10,turing talent
11,oxford quantum circuits
12,julich supercomputing centre / forschungszentrum julich
13,toshiba
14,quantum detectors
15,orca computing
16,infineon technologies
17,sacher lasertechnik gmbh
18,bosch group
19,oxford quantum circuits
20,hqs quantum simulations
21,oxford quantum circuits
22,quantum brilliance
23,airbus
24,nxp semiconductors
25,porsche ag
26,cambridge quantum computing
27,ibm
28,oxford quantum circuits
29,quantum detectors
30,infineon technologies
31,q.ant gmbh
32,oxford quantum circuits
33,bayer
34,quantinuum
35,julich supercomputing centre / forschungszentrum julich
36,jp morgan chase
37,rohde & schwarz gmbh & co. kg
38,schfter kirchhoff gmbh
39,cambridge quantum computing
40,quantagonia
41,bayer
42,physikalisch-technische bundesanstalt (ptb)
43,quantum brilliance
44,angoka
45,siemens healthcare gmbh
46,cambridge quantum computing
47,arqit limited
48,oxford quantum circuits
49,ibm
50,helmholtz-zentrum dresden-rossendorf
51,cambridge quantum computing
52,ic resources
53,toshiba
54,oxford quantum circuits
55,julich supercomputing centre / forschungszentrum julich
56,cambridge quantum computing
57,atos
58,de beers group of companies
59,cambridge quantum computing
60,oxford quantum circuits
61,quantum motion technology
62,quantagonia
63,physikalisch-technische bundesanstalt (ptb)
64,oxford quantum circuits
65,qdevil
66,toptica photonics
67,cambridge quantum computing
68,european space agency
69,bosch group
70,quantagonia
71,arqit limited
72,quantum brilliance
73,etas
74,oxford quantum circuits
75,quantum machines
76,oxford quantum circuits
77,bundesdruckerei gmbh
78,cambridge quantum computing
79,airbus
80,cambridge quantum computing
81,iqm
82,oxford quantum circuits
83,ecm selection
84,ic resources
85,quantagonia
86,quantagonia
87,quantum brilliance
88,oxford quantum circuits
89,volkswagen ag
90,cambridge quantum computing
91,oxford quantum circuits
92,julich supercomputing centre / forschungszentrum julich
93,jp morgan chase
94,cambridge quantum computing
95,atos
96,rwth aachen
97,bwi gmbh
98,deloitte
99,ibm
100,arqit limited
101,airbus
102,walther meissner institute
103,iqm
104,cambridge quantum computing
105,siemens ag
106,oxford quantum circuits
107,oxford quantum circuits
108,quantum brilliance
109,bayer
110,atos
111,julich supercomputing centre / forschungszentrum julich
112,quantum detectors
113,basf
114,cambridge quantum computing
115,julich supercomputing centre / forschungszentrum julich
116,quantagonia
117,ibm
118,toshiba
119,quantagonia
120,pqshield
121,basf
122,quantinuum
123,munich re
124,angoka
125,toptica photonics
126,arqit limited
127,ic resources
128,moody's
129,physikalisch-technische bundesanstalt (ptb)
130,oxford quantum circuits
131,oxford quantum circuits
132,dacoso data communication solutions gmbh
133,oxford quantum circuits
134,oxford quantum circuits
135,cambridge quantum computing
136,arqit limited
137,airbus
138,julich supercomputing centre / forschungszentrum julich
139,de beers group of companies
140,oxford quantum circuits
141,quantinuum
142,julich supercomputing centre / forschungszentrum julich
143,cambridge quantum computing
144,iqm
145,nu quantum
146,rohde & schwarz gmbh & co. kg
147,infineon technologies
148,infineon technologies
149,q.ant gmbh
150,arqit limited
151,novanta
152,accenture
153,walther meissner institute
154,oxford quantum circuits
155,claremont consulting
156,bearingpoint
157,orca computing
158,quantum detectors
159,bosch group
160,qnami
161,julich supercomputing centre / forschungszentrum julich
162,the one group
163,basf
164,toshiba
165,q.ant gmbh
166,toshiba
167,bosch group
168,stoneone ag
169,cambridge quantum computing
170,quantinuum
171,iqm
172,talentspy
173,bwi gmbh
174,toshiba
175,bmw group
176,cambridge quantum computing
177,walther meissner institute
178,siemens healthineers
179,universal quantum
180,dacoso data communication solutions gmbh
181,cambridge quantum computing
182,escrypt
183,scantinel photonics gmbh
184,jp morgan chase
185,basf
186,julich supercomputing centre / forschungszentrum julich
187,siemens energy
188,julich supercomputing centre / forschungszentrum julich
189,e.on digital technology gmbh
190,airbus
191,oxford quantum circuits
192,rigetti
193,nu quantum
194,airbus
195,escrypt
196,iqm
197,toshiba
198,quantum brilliance
199,recruitmentrevolution.com
200,oxford quantum circuits
201,ibm
202,toshiba
203,ibm
204,oxford quantum circuits
205,universal quantum
206,sap
207,oxford quantum circuits
208,oxford quantum circuits
209,universal quantum
210,accenture
211,oxford quantum circuits
212,cambridge quantum computing
213,airbus
214,toptica photonics
215,stoneone ag
216,quantum detectors
217,cambridge quantum computing
218,bosch group
219,"quantum design, inc."
220,quantum brilliance
221,oxford quantum circuits
222,q.ant gmbh
223,quantum brilliance
224,ibm
225,orca computing
226,bond williams
227,ic resources
228,accenture
229,tribepost
230,universal quantum
231,oxford quantum circuits
232,ibm
233,helmholtz-zentrum dresden-rossendorf
234,quantinuum
235,bosch group
236,ibm
237,helmholtz-zentrum dresden-rossendorf
238,orca computing
239,ibm
240,pqshield
241,quantum brilliance
242,helmholtz-zentrum dresden-rossendorf
243,bmw group
244,exscientia
245,zapata computing
246,fujitsu
247,toshiba
248,ibm
249,arqit limited
250,kelly
251,airbus
252,quantagonia
253,julich supercomputing centre / forschungszentrum julich
254,deloitte
255,airbus
256,datev eg
257,nu quantum
258,arqit limited
259,quantum brilliance
260,universal quantum
261,cambridge quantum computing
262,quantum brilliance
263,quantum detectors
264,arqit limited
265,aegiq
266,pqshield
267,sap
268,bmw group
269,rigetti
270,umicore
271,toshiba
272,q.ant gmbh
273,toshiba
274,physikalisch-technische bundesanstalt (ptb)
275,bwi gmbh
276,arqit limited
277,physikalisch-technische bundesanstalt (ptb)
278,quantagonia
279,quantistry gmbh
280,cambridge quantum computing
281,oxford quantum circuits
282,nu quantum
283,cambridge quantum computing
284,julich supercomputing centre / forschungszentrum julich
285,julich supercomputing centre / forschungszentrum julich
286,arqit limited
287,cambridge quantum computing
288,helmholtz-zentrum dresden-rossendorf
289,oxford instrumentsi plc
290,bosch group
291,bosch group
292,bwi gmbh
293,julich supercomputing centre / forschungszentrum julich
294,cambridge consultants ltd
295,ic resources
296,toshiba
297,julich supercomputing centre / forschungszentrum julich
298,oxford quantum circuits
299,quantum detectors
300,the one group
301,physikalisch-technische bundesanstalt (ptb)
302,cambridge quantum computing
303,cambridge quantum computing
304,orca computing
305,julich supercomputing centre / forschungszentrum julich
306,microsoft
307,ibm
308,arqit limited
309,ic resources
310,e.on digital technology gmbh
311,cambridge quantum computing
312,atos
313,sap
314,airbus
315,magnetic shields ltd.
316,oxford quantum circuits
317,pqshield
318,quantum detectors
319,julich supercomputing centre / forschungszentrum julich
320,oxford quantum circuits
321,amazon
322,quantum brilliance
323,rolls-royce
324,rohde & schwarz gmbh & co. kg
325,quantum brilliance
326,bmw group
327,machine learning reply
328,standard chartered
329,cambridge quantum computing
330,bosch group
331,angoka
332,ic resources
333,oxford quantum circuits
334,julich supercomputing centre / forschungszentrum julich
335,zurich instruments
336,hqs quantum simulations
337,quantum machines
338,ibm
339,rand
340,laser quantum
341,iqm
342,quantum machines
343,oxford quantum circuits
344,arqit limited
345,ibm
346,ic resources
347,oxford quantum circuits
348,arqit limited
349,arqit limited
350,toptica photonics
351,nu quantum
352,merck kgaa darmstadt germany
353,ic resources
354,toptica photonics
355,pqshield
356,hqs quantum simulations
357,cambridge quantum computing
358,arqit limited
359,cambridge quantum computing
360,orca computing
361,cambridge quantum computing
362,toshiba
363,quantum detectors
364,ibm
365,ic resources
366,pqshield
367,siemens energy
368,uniklasers
369,oxford quantum circuits
370,arqit limited
371,oxford quantum circuits
372,cambridge quantum computing
373,intel
374,arqit limited
375,quantum detectors
376,ibm
377,julich supercomputing centre / forschungszentrum julich
378,quantagonia
379,cambridge quantum computing
380,airbus
381,ntt data deutschland
382,deloitte
383,julich supercomputing centre / forschungszentrum julich
384,hqs quantum simulations
385,ic resources
386,awe (united kingdom)
387,bwi gmbh
388,oxford quantum circuits
389,qubig gmbh
390,oxford quantum circuits
391,siemens energy
392,arqit limited
393,julich supercomputing centre / forschungszentrum julich
394,hqs quantum simulations
395,hsbc
396,quantum brilliance
397,iqm
398,arqit limited
399,m squared lasers limited
400,arqit limited
401,rigetti
402,microsoft
403,arqit limited
404,cambridge quantum computing
405,quantum brilliance
406,universal quantum
407,ibm
408,oxford quantum circuits
409,quantum brilliance
410,helmholtz-zentrum dresden-rossendorf
411,trumpf
412,universal quantum
413,rohde & schwarz gmbh & co. kg
414,bosch group
415,quantistry gmbh
416,toptica photonics
417,ic resources
418,cambridge quantum computing
419,oxford quantum circuits
420,"d-wave systems, inc."
421,aspire cambridge
422,ntt data deutschland
423,jp morgan chase
424,oxford quantum circuits
425,nu quantum
426,quantagonia
427,quantum machines
428,ibm
429,cambridge quantum computing
430,cambridge quantum computing
431,infineon technologies
432,jp morgan chase
433,oxford quantum circuits
434,max planck institute for solid state research
435,nu quantum
436,cambridge quantum computing
437,ic resources
438,zurich instruments
439,physikalisch-technische bundesanstalt (ptb)
440,oxford quantum circuits
441,arqit limited
442,cambridge quantum computing
443,quantum detectors
444,quantum brilliance
445,julich supercomputing centre / forschungszentrum julich
446,julich supercomputing centre / forschungszentrum julich
447,bosch group
448,cambridge quantum computing
449,oxford quantum circuits
450,keysight technologies
451,menlo systems gmbh
452,universal quantum
453,quantagonia
454,the quantum company gmbh
455,arqit limited
456,quantum detectors
457,claremont consulting
458,riverlane
459,airbus
460,cambridge quantum computing
461,bosch group
462,helmholtz-zentrum dresden-rossendorf
463,oxford quantum circuits
464,freistaat sachsen
465,claremont consulting
466,quantagonia
467,ibm
468,"fraunhofer usa, inc."
469,arqit limited
470,bosch group
471,quantagonia
472,nu quantum
473,cambridge quantum computing
474,rwth aachen
475,universal quantum
476,london & partners
477,quantagonia
478,q.ant gmbh
479,quantum detectors
480,ibm
481,airbus
482,arqit limited
483,quantum motion technology
484,quantinuum
485,arqit limited
486,deutsche telekom ag
487,bwi gmbh
488,oxford quantum circuits
489,bwi gmbh
490,pqshield
491,parityqc
492,pqshield
493,toshiba
494,bayer
495,cambridge quantum computing
496,orca computing
497,adlib
498,newton colmore consulting ltd
499,q.ant gmbh
500,cambridge quantum computing
501,sia partners
502,cambridge quantum computing
503,ibm
504,cambridge quantum computing
505,ibm
506,julich supercomputing centre / forschungszentrum julich
507,ibm
508,accenture
509,quantistry gmbh
510,infineon technologies
511,julich supercomputing centre / forschungszentrum julich
512,infineon technologies
513,quantum machines
514,quantum brilliance
515,arqit limited
516,jp morgan chase
517,cambridge quantum computing
518,cambridge quantum computing
519,oxford quantum circuits
520,quantum brilliance
521,julich supercomputing centre / forschungszentrum julich
522,vodafone
523,julich supercomputing centre / forschungszentrum julich
524,cambridge quantum computing
525,julich supercomputing centre / forschungszentrum julich
526,amazon
527,toshiba
528,atos
529,quantum-futures
530,cambridge quantum computing
531,julich supercomputing centre / forschungszentrum julich
532,angoka
533,universal quantum
534,cambridge consultants ltd
535,oxford quantum circuits
536,oxford quantum circuits
537,airbus
538,quantagonia
539,ibm
540,quantistry gmbh
541,ibm
542,walther meissner institute
543,oxford quantum circuits
544,quantagonia
545,infineon technologies
546,oxford quantum circuits
547,quantum brilliance
548,orca computing
549,rwth aachen
550,ibm
551,helmholtz-zentrum dresden-rossendorf
552,quantagonia
553,oxford quantum circuits
554,julich supercomputing centre / forschungszentrum julich
555,microsoft
556,oxford quantum circuits
557,amazon
558,quantagonia
559,universal quantum
560,arqit limited
561,siemens energy
562,oxford quantum circuits
563,cambridge quantum computing
564,microsoft
565,ic resources
566,quantum detectors
567,deloitte
568,laser quantum
569,ic resources
570,cambridge quantum computing
571,adidas
572,quantagonia
573,cambridge quantum computing
574,jp morgan chase
575,cambridge quantum computing
576,oxford quantum circuits
577,de beers group of companies
578,arqit limited
579,aquark technologies
580,nodeq
581,microsoft
582,infineon technologies
583,moody's
584,keysight technologies
585,oxford quantum circuits
586,arqit limited
587,intel
588,q.ant gmbh
589,iqm
590,arqit limited
591,jp morgan chase
592,cambridge quantum computing
593,aegiq
594,julich supercomputing centre / forschungszentrum julich
595,microsoft
596,basf
597,quantum detectors
598,ic resources
599,quantum motion technology
600,cambridge quantum computing
601,escrypt
602,ibm
603,ecm selection
604,toshiba
605,bt
606,universal quantum
607,cambridge quantum computing
608,nu quantum
609,jenoptik ag
610,jp morgan chase
611,quantum detectors
612,nu quantum
613,angoka
614,quantinuum
615,quantum machines
616,oxford quantum circuits
617,kiutra gmbh
618,oxford quantum circuits
619,orca computing
620,exscientia
621,emerson
622,adva optical networking
623,cambridge quantum computing
624,rolls-royce
625,cambridge quantum computing
626,quantinuum
627,cambridge quantum computing
628,ic resources
629,ibm
630,dacoso data communication solutions gmbh
631,oxford quantum circuits
632,helmholtz-zentrum dresden-rossendorf
633,quantum detectors
634,cambridge quantum computing
635,iqm
636,amazing prospects ltd
637,julich supercomputing centre / forschungszentrum julich
638,cambridge quantum computing
639,hqs quantum simulations
640,ibm
641,arqit limited
642,bosch group
643,oxford quantum circuits
644,quantum brilliance
645,helmholtz-zentrum dresden-rossendorf
646,parker drilling company
647,nature research
648,hqs quantum simulations
649,ibm
650,infineon technologies
651,arqit limited
652,cambridge quantum computing
653,hqs quantum simulations
654,cambridge quantum computing
655,hqs quantum simulations
656,teledyne e2v space imaging
657,physikalisch-technische bundesanstalt (ptb)
658,volkswagen ag
659,julich supercomputing centre / forschungszentrum julich
660,amazing prospects ltd
661,arqit limited
662,accenture
663,oxford quantum circuits
664,exscientia
665,rigetti
666,arqit limited
667,cambridge quantum computing
668,julich supercomputing centre / forschungszentrum julich
669,cambridge quantum computing
670,universal quantum
671,oxford quantum circuits
672,quantum brilliance
673,julich supercomputing centre / forschungszentrum julich
674,ic resources
675,quantum brilliance
676,uniklasers
677,rigetti
678,oxford quantum circuits
679,arqit limited
680,physikalisch-technische bundesanstalt (ptb)
681,quantum brilliance
682,aegiq
683,oxford quantum circuits
684,julich supercomputing centre / forschungszentrum julich
685,quantum brilliance
686,cambridge quantum computing
687,universal quantum
688,oxford quantum circuits
689,adva optical networking
690,cambridge quantum computing
691,1-1 recruitment
692,quantum detectors
693,continental
694,pqshield
695,arqit limited
696,oxford quantum circuits
697,physikalisch-technische bundesanstalt (ptb)
698,airbus
699,jp morgan chase
700,julich supercomputing centre / forschungszentrum julich
701,toshiba
702,oxford quantum circuits
703,quantum detectors
704,freistaat sachsen
705,oxford quantum circuits
706,arqit limited
707,amazon
708,ibm
709,cambridge quantum computing
710,cambridge quantum computing
711,toptica photonics
712,norblis
713,siemens energy
714,universal quantum
715,q.ant gmbh
716,microsoft
717,quantagonia
718,mind foundry
719,the one group
720,max planck institute for solid state research
721,ibm
722,de beers group of companies
723,q.ant gmbh
724,talentspy
725,deloitte
726,socode
727,oxford quantum circuits
728,understanding recruitment
729,quantagonia
730,arqit limited
731,volkswagen ag
732,julich supercomputing centre / forschungszentrum julich
733,bosch group
734,helmholtz-zentrum dresden-rossendorf
735,arqit limited
736,cambridge quantum computing
737,adlib
738,angoka
739,arqit limited
740,infineon technologies
741,quantum detectors
742,quantum detectors
743,quantum brilliance
744,quantum motion technology
745,fujitsu
746,quantum brilliance
747,cambridge quantum computing
748,q.ant gmbh
749,pqshield
750,quantum machines
751,infineon technologies
752,cambridge quantum computing
753,cambridge quantum computing
754,quantinuum
755,bosch group
756,ibm
757,angoka
758,kets quantum security ltd
759,ibm
760,intel
761,max planck institute for solid state research
762,ic resources
763,microsoft
764,arqit limited
765,cambridge quantum computing
766,bayer
767,diamond light source
768,physikalisch-technische bundesanstalt (ptb)
769,accenture
770,moody's
771,rohde & schwarz gmbh & co. kg
772,arqit limited
773,ic resources
774,quantagonia
775,sony electronics
776,airbus
777,julich supercomputing centre / forschungszentrum julich
778,bmw group
779,porsche ag
780,oxford quantum circuits
781,oxford quantum circuits
782,cambridge quantum computing
783,oxford quantum circuits
784,oxford quantum circuits
785,arqit limited
786,adlib
787,covestro
788,oxford quantum circuits
789,hqs quantum simulations
790,amazon
791,oxford quantum circuits
792,stoneone ag
793,riverlane
794,bt
795,oxford quantum circuits
796,porsche ag
797,cambridge quantum computing
798,quantinuum
799,oxford quantum circuits
800,oxford quantum circuits
801,ibm
802,quantistry gmbh
803,oxford quantum circuits
804,oxford quantum circuits
805,schrodinger
806,nodeq
807,cambridge quantum computing
808,ibm
809,nu quantum
810,zurich instruments
811,julich supercomputing centre / forschungszentrum julich
812,pharmaron
813,oxford quantum circuits
814,diamond light source
815,arqit limited
816,oxford quantum circuits
817,ibm
818,cambridge quantum computing
819,arqit limited
820,toptica photonics
821,q.ant gmbh
822,quantinuum
823,bosch group
824,european space agency
825,quantinuum
826,infineon technologies
827,etas
828,ic resources
829,cambridge quantum computing
830,de beers group of companies
831,quantum brilliance
832,cambridge quantum computing
833,accenture
834,helmholtz-zentrum dresden-rossendorf
835,angoka
836,oxford quantum circuits
837,hqs quantum simulations
838,quantum brilliance
839,pqshield
840,arm
841,ibm
842,bosch group
843,fraunhofer uk research ltd
844,cambridge quantum computing
845,cambridge quantum computing
846,pqshield
847,cambridge quantum computing
848,quantinuum
849,q.ant gmbh
850,nu quantum
851,cambridge quantum computing
852,cambridge quantum computing
853,ibm
854,infineon technologies
855,julich supercomputing centre / forschungszentrum julich
856,volkswagen ag
857,arqit limited
858,quantum detectors
859,nu quantum
860,cambridge quantum computing
861,arqit limited
862,orca computing
863,quantum brilliance
864,atos
865,magnetic shields ltd.
866,algorithmiq ltd.
867,cambridge quantum computing
868,toptica photonics
869,quantum brilliance
870,understanding recruitment
871,universal quantum
872,julich supercomputing centre / forschungszentrum julich
873,oxford quantum circuits
874,cambridge quantum computing
875,arqit limited
876,intel
877,toshiba
878,quantagonia
879,deutsche bahn
880,quantistry gmbh
881,ibm
882,ibm
883,quantinuum
884,ic resources
885,cambridge quantum computing
886,cambridge quantum computing
887,fujitsu
888,exscientia
889,microsoft
890,oxford quantum circuits
891,siemens energy
892,quantum machines
893,quantum machines
894,nu quantum
895,universal quantum
896,ibm
897,arqit limited
898,quantum brilliance
899,cambridge quantum computing
900,angoka
901,riverlane
902,jp morgan chase
903,cambridge quantum computing
904,airbus
905,hqs quantum simulations
906,ic resources
907,cambridge quantum computing
908,nu quantum
909,novanta
910,julich supercomputing centre / forschungszentrum julich
911,ibm
912,max planck institute for solid state research
913,helmholtz-zentrum dresden-rossendorf
914,arqit limited
915,norblis
916,siemens ag
917,ibm
918,arqit limited
919,de beers group of companies
920,arqit limited
921,cambridge quantum computing
922,quantum motion technology
923,oxford quantum circuits
924,cambridge quantum computing
925,oxford quantum circuits
926,oxford quantum circuits
927,microsoft
928,helmholtz-zentrum dresden-rossendorf
929,nvidia
930,ic resources
931,julich supercomputing centre / forschungszentrum julich
932,arqit limited
933,oxford quantum circuits
934,cambridge quantum computing
935,bwi gmbh
936,iqm
937,iqm
938,cambridge quantum computing
939,google
940,q.ant gmbh
941,quantagonia
942,kiutra gmbh
943,accenture
944,understanding recruitment
945,julich supercomputing centre / forschungszentrum julich
946,accenture
947,arqit limited
948,hqs quantum simulations
949,universal quantum
950,bwi gmbh
951,bmw group
952,quantum detectors
953,amazon
954,cambridge quantum computing
955,cambridge quantum computing
956,jp morgan chase
957,julich supercomputing centre / forschungszentrum julich
958,accenture
959,uniklasers
960,walther meissner institute
961,google
962,quantum brilliance
963,nu quantum
964,bwi gmbh
965,barclay simpson
966,quantum brilliance
967,swabian instruments gmbh
968,deutsche telekom ag
969,microsoft
970,porsche ag
971,arqit limited
972,angoka
973,fraunhofer uk research ltd
974,iqm
975,rigetti
976,julich supercomputing centre / forschungszentrum julich
977,jp morgan chase
978,covestro
979,toshiba
980,quantum brilliance
981,quantagonia
982,microsoft
983,cambridge quantum computing
984,cambridge quantum computing
985,arqit limited
986,microsoft
987,infineon technologies
988,rigetti
989,cambridge quantum computing
990,tribepost
991,cambridge quantum computing
992,cambridge quantum computing
993,cambridge quantum computing
994,bechtle gmbh & co.kg bonn/koln
995,jp morgan chase
996,oxford quantum circuits
997,porsche ag
998,helmholtz-zentrum dresden-rossendorf
999,arqit limited
1000,cambridge quantum computing
1001,tribepost
1002,oxford quantum circuits
1003,basf
1004,nu quantum
1005,ibm
1006,microsoft
1007,oxford quantum circuits
1008,quantinuum
1009,zeiss group
1010,infineon technologies
1011,siemens energy
1012,qu&co
1013,cambridge quantum computing
1014,quantagonia
1015,cambridge consultants ltd
1016,universal quantum
1017,quantum brilliance
1018,raith nanofabrication
1019,hochschule zittau/gorlitz
1020,boehringer ingelheim
1021,rwth aachen
1022,jp morgan chase
1023,siemens ag
1024,arqit limited
1025,de beers group of companies
1026,airbus
1027,recruitmentrevolution.com
1028,claremont consulting
1029,ibm
1030,max planck institute for solid state research
1031,cambridge quantum computing
1032,cambridge quantum computing
1033,infineon technologies
1034,ic resources
1035,ibm
1036,infineon technologies
1037,julich supercomputing centre / forschungszentrum julich
1038,ibm
1039,arqit limited
1040,universal quantum
1041,iqm
1042,jp morgan chase
1043,bwi gmbh
1044,aspire cambridge
1045,arqit limited
1046,ic resources
1047,claremont consulting
1048,oxford quantum circuits
1049,stemmer gmbh
1050,toshiba
1051,rolls-royce
1052,siemens ag
1053,cambridge quantum computing
1054,cambridge quantum computing
1055,toptica photonics
1056,rigetti
1057,quantinuum
1058,cambridge quantum computing
1059,julich supercomputing centre / forschungszentrum julich
1060,oxford instrumentsi plc
1061,cambridge quantum computing
1062,universal quantum
1063,universal quantum
1064,basf
1065,arqit limited
1066,oxford quantum circuits
1067,q.ant gmbh
1068,toptica photonics
1069,orca computing
1070,stoneone ag
1071,oxford quantum circuits
1072,qubig gmbh
1073,ic resources
1074,quantum machines
1075,quantum brilliance
1076,julich supercomputing centre / forschungszentrum julich
1077,cambridge quantum computing
1078,bp
1079,toshiba
1080,siemens ag
1081,quantagonia
1082,quantum-futures
1083,ibm
1084,bmw group
1085,universal quantum
1086,ic resources
1087,pqshield
1088,hqs quantum simulations
1089,cambridge quantum computing
1090,arqit limited
1091,cambridge quantum computing
1092,toshiba
1093,google
1094,hqs quantum simulations
1095,cambridge quantum computing
